t_ms,state,th,psi,dth,dpsi,u,th_acc,exec_us,vin
11405,2,-0.01178,0.00000,0.0352,0.0000,0.0000,-0.01339,1752,4.35
11415,2,-0.01161,0.00175,0.0006,0.0698,-0.9569,-0.00330,1430,4.35
11425,2,-0.01121,0.00271,-0.0032,0.0803,-0.9304,0.01016,1402,4.35
11435,2,-0.01101,0.00445,-0.0537,0.1180,-1.3892,0.02589,1360,4.35
11445,2,-0.01150,0.00532,-0.0697,0.1057,-1.6545,-0.00123,1363,4.35
11455,2,-0.01182,0.00620,-0.0761,0.0983,-1.7786,0.01019,1369,4.35
11465,2,-0.01240,0.00698,-0.0729,0.0904,-1.8187,-0.00460,1352,4.35
11475,2,-0.01271,0.00620,-0.0409,0.0228,-1.6654,-0.00783,1352,4.34
11485,2,-0.01274,0.00620,-0.0133,0.0137,-1.3739,-0.00791,1389,4.34
11495,2,-0.01285,0.00445,-0.0042,-0.0616,-1.4873,-0.01607,1395,4.34
11505,2,-0.01245,0.00358,0.0320,-0.0719,-1.0586,-0.00836,1374,4.34
11515,2,-0.01228,0.00000,0.0133,-0.1862,-1.5734,-0.01022,1381,4.34
11525,2,-0.01222,-0.00079,0.0293,-0.1432,-1.2681,-0.02416,1366,4.34
11535,2,-0.01195,-0.00340,0.0288,-0.1906,-1.3812,-0.01293,1372,4.34
11545,2,-0.01194,-0.00524,0.0511,-0.1877,-1.1168,-0.03681,1374,4.34
11555,2,-0.01155,-0.00698,0.0575,-0.1824,-0.9931,-0.02076,1357,4.34
11565,2,-0.01157,-0.00698,0.0713,-0.1094,-0.6371,-0.04820,1380,4.34
11575,2,-0.01104,-0.00864,0.1224,-0.1320,-0.0580,-0.04575,1386,4.34
11585,2,-0.00969,-0.00864,0.1820,-0.0792,0.9088,-0.03316,1396,4.34
11595,2,-0.00757,-0.00951,0.1442,-0.0824,0.6724,0.02615,1360,4.34
11605,2,-0.00595,-0.00951,0.1118,-0.0495,0.5479,0.01919,1362,4.34
11615,2,-0.00434,-0.00951,0.0687,-0.0297,0.2631,0.04155,1368,4.34
11625,2,-0.00315,-0.00864,0.0368,0.0171,0.1417,0.03835,1367,4.34
11635,2,-0.00246,-0.00864,-0.0117,0.0103,-0.3678,0.03795,1373,4.34
11645,2,-0.00244,-0.00864,-0.0255,0.0062,-0.5371,0.01121,1386,4.34
11655,2,-0.00206,-0.00951,-0.0308,-0.0312,-0.6640,0.03224,1391,4.34
11665,2,-0.00177,-0.01126,-0.0399,-0.0886,-0.8989,0.03247,1397,4.34
11675,2,-0.00154,-0.01396,-0.0042,-0.1613,-0.6657,0.01236,1351,4.34
11685,2,-0.00106,-0.01911,-0.0117,-0.3028,-1.0970,0.02895,1362,4.34
11695,2,-0.00067,-0.02435,0.0117,-0.3911,-1.0371,0.01281,1368,4.34
11705,2,-0.00011,-0.03133,0.0368,-0.5139,-1.0389,0.00925,1368,4.34
11715,2,-0.00031,-0.03752,0.0330,-0.5562,-1.2276,-0.02656,1373,4.34
11725,2,0.00007,-0.04625,0.1426,-0.6828,-0.2823,-0.05233,1377,4.34
11735,2,0.00178,-0.05498,0.2278,-0.7587,0.6498,-0.02667,1379,4.34
11745,2,0.00360,-0.06362,0.1810,-0.8008,0.1597,0.00426,1384,4.34
11755,2,0.00412,-0.06894,0.1224,-0.6934,-0.1845,-0.03142,1352,4.34
11765,2,0.00500,-0.07496,0.1400,-0.6569,0.1943,-0.02084,1360,4.34
11775,2,0.00666,-0.08107,0.1873,-0.6385,0.9464,-0.00367,1351,4.34
11785,2,0.00835,-0.08631,0.1320,-0.5925,0.5897,0.02679,1359,4.34
11795,2,0.00919,-0.08988,0.1075,-0.4986,0.6382,-0.00268,1361,4.34
11805,2,0.01015,-0.09329,0.1182,-0.4353,1.0218,-0.00114,1369,4.34
11815,2,0.01134,-0.09687,0.0735,-0.4043,0.7013,0.03425,1375,4.34
11825,2,0.01170,-0.09774,-0.0064,-0.2775,0.1571,0.03304,1379,4.34
11835,2,0.01144,-0.09861,-0.0282,-0.2014,0.0839,0.01256,1352,4.34
11845,2,0.01154,-0.09940,-0.0228,-0.1523,0.2870,0.02785,1352,4.34
11855,2,0.01147,-0.10114,-0.0452,-0.1612,-0.0063,0.03032,1351,4.34
11865,2,0.01107,-0.10289,-0.0510,-0.1665,-0.1314,0.01667,1355,4.34
11875,2,0.01090,-0.10559,-0.0351,-0.2081,-0.0815,0.02003,1367,4.34
11885,2,0.01081,-0.10725,-0.0505,-0.1912,-0.2262,0.03149,1366,4.34
11895,2,0.01048,-0.10987,-0.0617,-0.2194,-0.4698,0.02477,1372,4.34
11905,2,0.00997,-0.11345,-0.0409,-0.2748,-0.4368,0.00530,1379,4.34
11915,2,0.00980,-0.11860,-0.0048,-0.3708,-0.3059,0.00348,1352,4.34
11925,2,0.01040,-0.12392,0.0708,-0.4354,0.4422,0.00501,1352,4.34
11935,2,0.01147,-0.12907,0.0538,-0.4672,0.2564,0.03825,1352,4.34
11945,2,0.01208,-0.13352,-0.0085,-0.4583,-0.3868,0.04686,1359,4.34
11955,2,0.01211,-0.13779,-0.0548,-0.4461,-0.8942,0.04073,1363,4.34
11965,2,0.01189,-0.14224,-0.0734,-0.4456,-1.1387,0.03753,1377,4.34
11975,2,0.01139,-0.14652,-0.0867,-0.4384,-1.3306,0.02980,1385,4.35
11985,2,0.01050,-0.15184,-0.1037,-0.4760,-1.7276,0.01798,1389,4.35
11995,2,0.00929,-0.15699,-0.0819,-0.4915,-1.6482,-0.01053,1391,4.35
12005,2,0.00866,-0.16223,-0.0234,-0.5044,-1.0784,-0.01094,1353,4.35
12015,2,0.00802,-0.16659,-0.0425,-0.4771,-1.2978,-0.00268,1360,4.35
12025,2,0.00692,-0.17104,-0.0633,-0.4643,-1.6210,-0.01656,1363,4.35
12035,2,0.00596,-0.17532,-0.0090,-0.4496,-1.0572,-0.03756,1369,4.35
12045,2,0.00571,-0.17977,0.0639,-0.4478,-0.2426,-0.03867,1372,4.35
12055,2,0.00633,-0.18404,0.0937,-0.4397,0.1777,-0.00952,1384,4.35
12065,2,0.00723,-0.18841,0.0830,-0.4384,0.1402,0.01095,1391,4.35
12075,2,0.00759,-0.19103,0.0298,-0.3678,-0.2531,0.01033,1397,4.34
12085,2,0.00737,-0.19277,-0.0021,-0.2905,-0.4373,-0.00240,1351,4.34
12095,2,0.00733,-0.19460,0.0277,-0.2476,0.0164,-0.00837,1357,4.34
12105,2,0.00727,-0.19460,-0.0042,-0.1485,-0.0905,0.00615,1364,4.34
12115,2,0.00727,-0.19548,-0.0101,-0.1240,-0.0930,0.01245,1368,4.34
12125,2,0.00717,-0.19548,-0.0564,-0.0744,-0.5034,0.03045,1380,4.34
12135,2,0.00691,-0.19364,-0.0947,0.0286,-0.6895,0.04110,1391,4.34
12145,2,0.00637,-0.19364,-0.1532,0.0172,-1.4514,0.05577,1393,4.34
12155,2,0.00529,-0.19364,-0.1756,0.0103,-1.8358,0.03918,1394,4.34
12165,2,0.00400,-0.19452,-0.1761,-0.0287,-2.0778,0.02759,1380,4.34
12175,2,0.00256,-0.19635,-0.1314,-0.0905,-1.8758,-0.00386,1362,4.34
12185,2,0.00187,-0.20063,-0.0468,-0.2253,-1.3401,-0.00925,1363,4.34
12195,2,0.00195,-0.20499,0.0000,-0.3098,-1.0273,0.00624,1368,4.34
12205,2,0.00189,-0.20944,-0.0468,-0.3639,-1.7301,0.02209,1369,4.34
12215,2,0.00089,-0.21284,-0.0675,-0.3545,-2.0503,-0.01526,1377,4.34
12225,2,0.00002,-0.21633,-0.0351,-0.3523,-1.7621,-0.02584,1386,4.34
12235,2,-0.00009,-0.22070,0.0181,-0.3859,-1.2578,-0.01499,1393,4.34
12245,2,0.00009,-0.22515,0.0213,-0.4096,-1.2750,-0.00133,1352,4.34
12255,2,-0.00016,-0.22768,-0.0064,-0.3470,-1.4551,-0.00970,1354,4.34
12265,2,-0.00031,-0.23030,0.0064,-0.3129,-1.2350,-0.01105,1361,4.34
12275,2,-0.00045,-0.23300,-0.0026,-0.2960,-1.3119,-0.00584,1367,4.33
12285,2,-0.00064,-0.23466,0.0032,-0.2439,-1.1250,-0.01173,1378,4.33
12295,2,-0.00094,-0.23640,0.0059,-0.2161,-1.0527,-0.01922,1387,4.33
12305,2,-0.00111,-0.23815,0.0399,-0.1995,-0.6333,-0.02922,1390,4.33
12315,2,-0.00072,-0.23815,0.0814,-0.1197,0.1012,-0.02228,1396,4.33
12325,2,-0.00012,-0.23902,0.0453,-0.1067,-0.2234,0.00746,1353,4.33
12335,2,-0.00057,-0.23815,-0.0074,-0.0291,-0.6655,-0.01957,1360,4.33
12345,2,-0.00075,-0.23815,0.0639,-0.0175,0.1732,-0.04134,1363,4.33
12355,2,0.00015,-0.23728,0.1160,0.0244,0.9807,-0.01301,1368,4.33
12365,2,0.00110,-0.23640,0.0724,0.0496,0.6408,0.01244,1352,4.33
12375,2,0.00129,-0.23466,0.0538,0.0995,0.5827,-0.01637,1378,4.34
12385,2,0.00191,-0.23126,0.0990,0.1959,1.4357,-0.01624,1390,4.34
12395,2,0.00310,-0.22942,0.1160,0.1908,1.7403,0.00434,1395,4.34
12405,2,0.00391,-0.22593,0.0671,0.2541,1.4336,0.01108,1360,4.34
12415,2,0.00427,-0.22253,0.0410,0.2886,1.2675,0.00151,1363,4.34
12425,2,0.00488,-0.21808,0.0921,0.3512,2.0975,-0.01033,1364,4.34
12435,2,0.00633,-0.21468,0.1256,0.3469,2.6238,0.01589,1368,4.34
12445,2,0.00735,-0.21023,0.0463,0.3861,1.9238,0.03531,1374,4.34
12455,2,0.00766,-0.20499,0.0437,0.4411,2.0827,0.00127,1385,4.34
12465,2,0.00831,-0.19984,0.0602,0.4706,2.4274,0.01055,1393,4.34
12475,2,0.00930,-0.19452,0.0421,0.4953,2.3932,0.03753,1355,4.34
12485,2,0.00987,-0.18928,-0.0212,0.5066,1.7588,0.04920,1351,4.34
12495,2,0.00921,-0.18143,-0.0963,0.6181,1.1429,0.02439,1357,4.34
12505,2,0.00807,-0.17445,-0.1378,0.6501,0.6497,0.02013,1363,4.34
12515,2,0.00676,-0.16659,-0.1218,0.7042,0.8647,0.00192,1363,4.34
12525,2,0.00595,-0.16057,-0.0920,0.6634,1.0289,0.01143,1380,4.34
12535,2,0.00536,-0.15446,-0.0808,0.6424,1.0536,0.01623,1380,4.34
12545,2,0.00469,-0.15001,-0.0644,0.5635,0.9721,0.00350,1386,4.34
12555,2,0.00441,-0.14477,-0.0090,0.5475,1.5507,-0.00500,1352,4.34
12565,2,0.00511,-0.14224,0.0501,0.4297,1.9882,0.01496,1361,4.34
12575,2,0.00594,-0.13867,0.0325,0.4009,1.7966,0.03129,1352,4.35
12585,2,0.00649,-0.13605,0.0410,0.3453,1.8039,0.01360,1359,4.35
12595,2,0.00718,-0.13352,0.0564,0.3084,1.9553,0.01326,1366,4.35
12605,2,0.00811,-0.13169,0.0575,0.2583,1.9280,0.02595,1377,4.35
12615,2,0.00911,-0.12994,0.0671,0.2248,2.0503,0.02543,1386,4.35
12625,2,0.01009,-0.12741,0.0538,0.2361,2.0294,0.03211,1392,4.35
12635,2,0.01059,-0.12566,0.0080,0.2115,1.4872,0.03197,1355,4.35
12645,2,0.01117,-0.12383,0.0431,0.2002,1.9233,0.01836,1351,4.35
12655,2,0.01214,-0.12209,0.0453,0.1899,2.0205,0.03829,1355,4.35
12665,2,0.01261,-0.11868,-0.0090,0.2501,1.6093,0.04059,1363,4.35
12675,2,0.01227,-0.11510,-0.0649,0.2932,1.0524,0.02742,1370,4.34
12685,2,0.01162,-0.11161,-0.0792,0.3155,0.8885,0.01862,1378,4.34
12695,2,0.01111,-0.10908,-0.0691,0.2905,0.8917,0.02025,1381,4.34
12705,2,0.01085,-0.10638,-0.0649,0.2825,0.8989,0.03060,1352,4.34
12715,2,0.01027,-0.10289,-0.0941,0.3092,0.5808,0.02797,1352,4.34
12725,2,0.00934,-0.09948,-0.1085,0.3216,0.3626,0.01726,1353,4.34
12735,2,0.00852,-0.09765,-0.0989,0.2663,0.2450,0.01702,1364,4.34
12745,2,0.00767,-0.09503,-0.0851,0.2645,0.3202,0.00768,1371,4.34
12755,2,0.00702,-0.09416,-0.0824,0.1936,0.0954,0.01566,1374,4.34
12765,2,0.00647,-0.09250,-0.0686,0.1825,0.1742,0.01360,1381,4.34
12775,2,0.00636,-0.09163,-0.0468,0.1444,0.3136,0.02421,1388,4.35
12785,2,0.00621,-0.09076,-0.0521,0.1215,0.1765,0.02462,1397,4.35
12795,2,0.00595,-0.09076,-0.0553,0.0729,-0.0177,0.02085,1354,4.35
12805,2,0.00541,-0.09076,-0.0606,0.0438,-0.2128,0.00836,1365,4.35
12815,2,0.00496,-0.09076,-0.0463,0.0263,-0.1384,0.00589,1368,4.35
12825,2,0.00482,-0.09163,-0.0436,-0.0192,-0.2465,0.01957,1375,4.35
12835,2,0.00422,-0.09250,-0.0808,-0.0464,-0.8124,0.01463,1381,4.35
12845,2,0.00344,-0.09250,-0.0659,-0.0278,-0.6681,-0.00286,1363,4.35
12855,2,0.00330,-0.09416,-0.0330,-0.0830,-0.4531,0.01292,1368,4.35
12865,2,0.00312,-0.09503,-0.0542,-0.0847,-0.7237,0.02106,1352,4.35
12875,2,0.00241,-0.09591,-0.0878,-0.0857,-1.1855,0.01120,1360,4.35
12885,2,0.00138,-0.09678,-0.0910,-0.0863,-1.3288,-0.00492,1367,4.35
12895,2,0.00092,-0.09852,-0.0351,-0.1216,-0.8280,-0.00471,1374,4.35
12905,2,0.00070,-0.10036,-0.0542,-0.1463,-1.1414,0.01694,1379,4.35
12915,2,0.00002,-0.10210,-0.0665,-0.1576,-1.3838,-0.00040,1377,4.35
12925,2,-0.00071,-0.10376,-0.0585,-0.1609,-1.3765,-0.00803,1384,4.35
12935,2,-0.00085,-0.10550,0.0048,-0.1663,-0.6767,-0.01042,1376,4.35
12945,2,-0.00044,-0.10908,0.0187,-0.2429,-0.6906,0.01061,1352,4.35
12955,2,-0.00037,-0.11161,-0.0037,-0.2470,-0.9576,0.00503,1363,4.35
12965,2,-0.00030,-0.11510,0.0229,-0.2878,-0.7605,-0.00836,1394,4.35
12975,2,0.00023,-0.11947,0.0740,-0.3472,-0.2858,-0.00993,1400,4.35
12985,2,0.00123,-0.12296,0.0873,-0.3480,-0.0414,0.00733,1354,4.35
12995,2,0.00193,-0.12732,0.0501,-0.3833,-0.5062,0.01198,1366,4.35
13005,2,0.00216,-0.12907,0.0336,-0.2998,-0.4508,-0.00314,1368,4.35
13015,2,0.00238,-0.13265,0.0245,-0.3230,-0.6034,0.00095,1371,4.35
13025,2,0.00291,-0.13518,0.0495,-0.2950,-0.1901,0.00474,1358,4.35
13035,2,0.00337,-0.13867,0.0155,-0.3166,-0.6025,0.01897,1365,4.35
13045,2,0.00304,-0.14050,-0.0409,-0.2633,-1.1463,0.00695,1370,4.35
13055,2,0.00268,-0.14137,-0.0133,-0.1929,-0.6729,-0.00869,1378,4.35
13065,2,0.00264,-0.14303,-0.0239,-0.1821,-0.7737,0.01257,1359,4.35
13075,2,0.00257,-0.14477,-0.0377,-0.1790,-0.9361,0.01773,1366,4.35
13085,2,0.00190,-0.14477,-0.0670,-0.1074,-1.1463,0.00222,1373,4.35
13095,2,0.00118,-0.14652,-0.0691,-0.1343,-1.3188,-0.00029,1352,4.35
13105,2,0.00068,-0.14652,-0.0308,-0.0806,-0.7803,-0.00908,1359,4.35
13115,2,0.00055,-0.14835,-0.0377,-0.1216,-0.9876,0.01314,1370,4.35
13125,2,-0.00010,-0.14835,-0.0755,-0.0730,-1.3572,0.00512,1369,4.35
13135,2,-0.00093,-0.14923,-0.0596,-0.0787,-1.2731,-0.01301,1373,4.35
13145,2,-0.00140,-0.15010,-0.0372,-0.0821,-1.0720,-0.00607,1377,4.35
13155,2,-0.00150,-0.15088,-0.0266,-0.0807,-0.9569,0.00660,1352,4.35
13165,2,-0.00189,-0.15176,-0.0516,-0.0833,-1.2932,0.00464,1353,4.35
13175,2,-0.00244,-0.15176,-0.0484,-0.0500,-1.2213,-0.00609,1357,4.34
13185,2,-0.00298,-0.15350,-0.0303,-0.0998,-1.2040,-0.01473,1354,4.34
13195,2,-0.00324,-0.15437,-0.0090,-0.0948,-0.9712,-0.01140,1362,4.34
13205,2,-0.00317,-0.15437,-0.0175,-0.0569,-0.9605,0.00875,1368,4.34
13215,2,-0.00338,-0.15621,-0.0510,-0.1074,-1.5091,0.01188,1377,4.34
13225,2,-0.00411,-0.15621,-0.0367,-0.0645,-1.2994,-0.02241,1352,4.34
13235,2,-0.00436,-0.15795,-0.0048,-0.1085,-1.0779,-0.01451,1362,4.34
13245,2,-0.00417,-0.15795,0.0187,-0.0651,-0.6700,-0.00370,1362,4.34
13255,2,-0.00402,-0.15961,-0.0143,-0.1054,-1.1492,0.01050,1352,4.34
13265,2,-0.00444,-0.15961,-0.0255,-0.0632,-1.2060,-0.01280,1357,4.34
13275,2,-0.00484,-0.16048,-0.0186,-0.0728,-1.1938,-0.01564,1364,4.34
13285,2,-0.00491,-0.16136,0.0107,-0.0786,-0.8794,-0.01365,1374,4.34
13295,2,-0.00450,-0.16223,0.0282,-0.0821,-0.6461,0.00216,1379,4.34
13305,2,-0.00408,-0.16310,0.0176,-0.0842,-0.7353,0.00775,1385,4.34
13315,2,-0.00402,-0.16310,-0.0058,-0.0505,-0.9085,0.00199,1352,4.34
13325,2,-0.00412,-0.16310,0.0059,-0.0303,-0.7285,-0.01217,1352,4.34
13335,2,-0.00378,-0.16493,0.0288,-0.0915,-0.5997,-0.00126,1352,4.34
13345,2,-0.00366,-0.16493,0.0027,-0.0549,-0.7893,0.00130,1362,4.34
13355,2,-0.00355,-0.16493,0.0070,-0.0329,-0.6699,-0.00169,1368,4.34
13365,2,-0.00336,-0.16493,0.0256,-0.0198,-0.3999,-0.00662,1369,4.34
13375,2,-0.00314,-0.16493,0.0234,-0.0119,-0.3806,-0.00361,1375,4.33
13385,2,-0.00316,-0.16493,0.0160,-0.0071,-0.4562,-0.01231,1381,4.33
13395,2,-0.00296,-0.16493,0.0229,-0.0043,-0.3492,-0.00471,1352,4.33
13405,2,0.01088,-0.16397,-0.1122,0.0358,-0.4227,0.75912,1356,4.33
13415,2,0.00506,-0.15350,-1.3760,0.4404,-14.4956,0.40231,1351,4.33
13425,2,-0.01173,-0.14835,-1.7597,0.4702,-20.5134,0.02826,1358,4.33
13435,2,-0.01768,-0.16572,-0.7513,-0.4125,-11.8750,0.06045,1372,4.33
13445,2,-0.01490,-0.20063,-0.2059,-1.6438,-8.6970,0.22740,1377,4.33
13455,2,-0.01375,-0.24522,-0.2282,-2.7700,-11.9796,0.15765,1372,4.33
13465,2,-0.01585,-0.30020,0.0000,-3.8611,-12.6115,-0.12061,1381,4.33
13475,2,-0.01019,-0.37254,0.9898,-5.2104,-4.4008,-0.22219,1388,4.24
13485,2,0.00843,-0.45815,1.9226,-6.5506,4.4425,-0.02186,1351,4.24
13495,2,0.02897,-0.53931,1.8507,-7.1767,3.8075,0.13048,1351,4.24
13505,2,0.04403,-0.61689,1.0962,-7.4092,-4.1914,0.24904,1353,4.24
13515,2,0.04603,-0.68417,0.5492,-7.1368,-9.7031,-0.12872,1364,4.24
13525,2,0.05307,-0.76000,1.2766,-7.3155,-1.2184,-0.23323,1371,4.24
13535,2,0.07125,-0.84648,1.9726,-7.8485,7.0314,-0.00606,1382,4.24
13545,2,0.09405,-0.92241,1.6432,-7.7460,5.6309,0.41263,1384,4.24
13555,2,0.10151,-0.99047,0.6279,-7.3703,-4.4713,0.16078,1381,4.24
13565,2,0.10072,-1.05060,0.4087,-6.8272,-5.7241,-0.14351,1351,4.24
13575,2,0.10845,-1.12216,1.1063,-6.9587,2.6213,-0.05801,1351,4.30
13585,2,0.12330,-1.18944,1.1329,-6.8665,4.5328,0.29956,1351,4.30
13595,2,0.13292,-1.24608,0.4763,-6.3854,-0.9013,0.37556,1368,4.30
13605,2,0.12778,-1.29242,-0.3251,-5.6848,-8.8639,0.03323,1372,4.30
13615,2,0.12269,-1.34382,0.1331,-5.4668,-3.5780,-0.19803,1374,4.30
13625,2,0.13167,-1.40674,1.0611,-5.7969,7.0319,0.04977,1386,4.30
13635,2,0.14694,-1.45988,0.9738,-5.6039,7.9682,0.42361,1352,4.30
13645,2,0.15121,-1.50090,-0.2639,-5.0030,-4.3622,0.49660,1352,4.30
13655,2,0.13823,-1.53676,-0.8599,-4.4364,-11.0745,-0.08067,1352,4.30
13665,2,0.12969,-1.58040,-0.1298,-4.4072,-3.4865,-0.23243,1362,4.30
13675,2,0.13728,-1.63092,0.8716,-4.6654,8.0527,0.08099,1369,4.31
13685,2,0.14962,-1.67281,0.5800,-4.4748,6.3495,0.47669,1375,4.31
13695,2,0.14883,-1.70074,-0.8487,-3.8019,-8.4741,0.53339,1378,4.31
13705,2,0.12971,-1.72779,-1.2786,-3.3632,-14.2093,-0.18698,1351,4.31
13715,2,0.12318,-1.76619,0.1363,-3.5538,0.9098,-0.27142,1361,4.31
13725,2,0.13728,-1.81252,1.1052,-3.9858,12.2588,0.28995,1351,4.31
13735,2,0.14619,-1.84569,0.1123,-3.7180,2.3313,0.53544,1361,4.31
13745,2,0.13968,-1.85956,-1.3819,-2.7858,-13.0884,0.50523,1366,4.31
13755,2,0.11910,-1.87789,-1.1562,-2.4045,-11.5299,-0.33215,1379,4.31
13765,2,0.11823,-1.91375,0.4220,-2.8774,5.2807,-0.13613,1378,4.31
13775,2,0.13299,-1.95294,0.8434,-3.2937,10.4202,0.44920,1387,4.29
13785,2,0.13685,-1.96864,-0.5587,-2.6046,-3.5656,0.60907,1353,4.29
13795,2,0.11575,-1.97213,-2.3796,-1.7024,-24.2775,0.25059,1358,4.29
13805,2,0.09630,-1.98959,-1.0120,-1.7195,-10.4827,-0.37001,1351,4.29
13815,2,0.11037,-2.03671,2.1742,-2.9167,24.4210,-0.27305,1358,4.29
13825,2,0.14013,-2.08035,1.8842,-3.4953,22.3806,0.68600,1367,4.29
13835,2,0.15923,-2.07258,-1.0961,-1.7865,-5.5250,1.66182,1376,4.29
13845,2,0.08059,-2.04718,-4.3542,-0.0561,-30.0000,-1.67419,1380,4.29
13855,2,0.04190,-2.04369,-2.1167,0.1059,-23.8205,-0.83435,1352,4.29
13865,2,0.04408,-2.08131,1.0712,-1.4409,8.9869,-0.38222,1354,4.29
13875,2,0.08615,-2.13017,2.8543,-2.8193,29.9611,0.76262,1363,4.20
13885,2,0.10765,-2.14152,0.1261,-2.1454,2.3682,1.11948,1352,4.20
13895,2,0.10298,-2.12485,-2.8436,-0.6205,-28.2629,1.29125,1359,4.20
13905,2,0.05882,-2.12398,-3.8482,-0.3374,-30.0000,-0.22498,1366,4.20
13915,2,0.05529,-2.15714,0.4146,-1.5289,2.1315,-0.32868,1373,4.20
13925,2,0.08784,-2.20863,3.4508,-2.9768,30.0000,-0.01012,1384,4.20
13935,2,0.11437,-2.23908,1.6113,-3.0043,17.6951,0.63527,1391,4.20
13945,2,0.12257,-2.22512,-1.7586,-1.2441,-15.6473,1.41179,1392,4.20
13955,2,0.03182,-2.20941,-4.1829,-0.1181,-30.0000,-2.41424,1352,4.20
13965,2,0.00969,-2.22084,-0.8599,-0.5282,-14.5466,-0.66649,1357,4.20
13975,2,0.02452,-2.26186,2.1546,-1.9575,17.8267,-0.31130,1358,4.17
13985,2,0.06174,-2.29851,2.4520,-2.6406,23.0504,0.69658,1364,4.17
13995,2,0.08863,-2.28978,-0.6465,-1.2353,-6.2660,1.75626,1376,4.17
14005,2,0.00733,-2.26535,-4.2478,0.2362,-30.0000,-1.93351,1377,4.17
14015,2,-0.02694,-2.26011,-1.7102,0.3512,-25.7133,-0.88560,1384,4.17
14025,2,-0.02263,-2.29066,1.2404,-1.0110,5.0760,-0.42734,1390,4.17
14035,2,0.01634,-2.33691,2.7452,-2.4567,22.3463,0.59222,1352,4.17
14045,2,0.04019,-2.35349,0.8110,-2.1372,3.1952,0.82741,1352,4.17
14055,2,0.05381,-2.33865,-1.9118,-0.6889,-22.9713,1.69068,1354,4.17
14065,2,0.01151,-2.34302,-3.6843,-0.5879,-30.0000,-0.26150,1362,4.17
14075,2,0.01364,-2.37531,0.8722,-1.6443,2.5551,-0.31586,1370,4.16
14085,2,0.05772,-2.42418,3.1789,-2.9413,30.0000,0.67214,1381,4.16
14095,2,0.09091,-2.44425,1.5836,-2.5677,15.8413,0.95863,1389,4.16
14105,2,0.10594,-2.41981,-2.3280,-0.5632,-22.4011,2.02163,1393,4.16
14115,2,0.01248,-2.40672,-4.7863,0.1857,-30.0000,-2.26751,1352,4.16
14125,2,-0.00588,-2.41981,-0.8396,-0.4122,-15.9200,-0.50407,1358,4.16
14135,2,0.00846,-2.46170,2.2519,-1.9228,17.0747,-0.40036,1363,4.16
14145,2,0.04565,-2.50010,2.6670,-2.6896,23.4252,0.57173,1369,4.16
14155,2,0.06409,-2.50280,-0.2804,-1.7220,-6.1945,1.12602,1376,4.16
14165,2,-0.01746,-2.49408,-3.3496,-0.6841,-30.0000,-2.42012,1385,4.16
14175,2,-0.04068,-2.50446,-0.7768,-0.8259,-19.9397,-0.81339,1393,4.16
14185,2,-0.03066,-2.53937,1.7214,-1.8918,6.9849,-0.39023,1396,4.16
14195,2,0.01428,-2.59443,3.4662,-3.3377,27.6075,0.52834,1360,4.16
14205,2,0.04840,-2.62227,1.7800,-3.1161,12.0584,0.86415,1369,4.16
14215,2,0.06227,-2.61354,-1.3787,-1.5206,-18.7328,1.44549,1369,4.16
14225,2,-0.00380,-2.62576,-3.6737,-1.4011,-30.0000,-1.47073,1352,4.16
14235,2,-0.00643,-2.65814,0.5848,-2.1357,-4.6250,-0.43004,1387,4.16
14245,2,0.01930,-2.70605,3.4332,-3.1978,27.8970,-0.41123,1396,4.16
14255,2,0.05948,-2.74444,2.8170,-3.4546,24.0063,0.66002,1373,4.16
14265,2,0.08168,-2.74174,-0.3144,-1.9645,-5.9394,1.34912,1380,4.16
14275,2,-0.00614,-2.73310,-3.5699,-0.8331,-30.0000,-2.61230,1386,4.17
14285,2,-0.02638,-2.74357,-0.8503,-0.9188,-20.0618,-0.61321,1351,4.17
14295,2,-0.01363,-2.79331,2.0609,-2.5409,10.3716,-0.40661,1353,4.17
14305,2,0.04113,-2.84829,4.0819,-3.7237,30.0000,0.73829,1352,4.17
14315,2,0.07654,-2.87185,1.5107,-3.1767,11.1188,1.09161,1363,4.17
14325,2,0.09092,-2.85702,-1.8895,-1.3126,-21.6753,1.75467,1369,4.17
14335,2,0.01117,-2.85440,-3.8695,-0.6828,-30.0000,-2.04148,1372,4.17
14345,2,0.00372,-2.87447,0.1692,-1.2126,-6.3179,-0.45335,1379,4.17
14355,2,0.02709,-2.92151,2.6313,-2.6090,20.5975,-0.12046,1383,4.17
14365,2,0.05905,-2.95563,2.0194,-2.9302,15.7711,0.64770,1355,4.17
14375,2,0.07606,-2.94681,-0.6326,-1.4056,-9.0444,1.24250,1353,4.17
14385,2,-0.00307,-2.93556,-3.1506,-0.3931,-30.0000,-2.38381,1357,4.17
14395,2,-0.02468,-2.94428,-0.4666,-0.5849,-14.9251,-0.87198,1365,4.17
14405,2,-0.01151,-2.98521,1.8901,-1.9881,9.7507,-0.29796,1374,4.17
14415,2,0.02993,-3.03679,3.0299,-3.2558,23.5189,0.58670,1381,4.17
14425,2,0.05396,-3.05066,0.7961,-2.5085,2.0877,0.85750,1392,4.17
14435,2,0.07348,-3.03417,-1.7400,-0.8454,-20.7456,1.91967,1400,4.17
14445,2,0.04187,-3.04115,-2.6132,-0.7865,-30.0000,-0.23237,1379,4.17
14455,2,0.05101,-3.08304,1.7651,-2.1474,13.9155,-0.37455,1382,4.17
14465,2,0.10240,-3.14063,4.3426,-3.5923,30.0000,0.50097,1388,4.17
14475,2,0.14386,-3.15896,1.9204,-2.8884,22.8071,1.25665,1352,4.16
14485,2,0.14750,-3.13627,-2.0342,-0.8255,-16.9134,1.34631,1354,4.16
14495,2,0.05438,-3.10834,-4.9162,0.6217,-30.0000,-2.14355,1361,4.16
14505,2,0.03846,-3.11620,-0.5933,0.0589,-8.6759,-0.46088,1367,4.16
14515,2,0.05429,-3.15896,2.5297,-1.6751,24.2228,-0.41888,1369,4.16
14525,2,0.09138,-3.19387,2.6595,-2.4013,27.3816,0.61579,1374,4.16
14535,2,0.11140,-3.17990,-0.4959,-0.8823,-2.9582,1.36064,1379,4.16
14545,2,0.05421,-3.15023,-3.6215,0.6575,-30.0000,-0.99458,1352,4.16
14555,2,0.02814,-3.14412,-1.0919,0.6388,-13.9469,-0.72965,1351,4.16
14565,2,0.03814,-3.17816,1.8156,-0.9781,16.2135,-0.36953,1352,4.16
14575,2,0.07401,-3.21219,2.6702,-1.9482,26.9708,0.53269,1352,4.17
14585,2,0.09527,-3.20783,-0.1043,-0.9944,-0.3931,1.21012,1360,4.17
14595,2,0.08902,-3.17990,-2.6408,0.5204,-26.1805,1.09683,1367,4.17
14605,2,0.06462,-3.17903,-1.7426,0.3471,-18.6943,-0.28409,1371,4.17
14615,2,0.07234,-3.21306,1.7746,-1.1531,18.6062,-0.42857,1375,4.17
14625,2,0.12086,-3.24710,4.2665,-2.0532,30.0000,0.41361,1351,4.17
14635,2,0.15589,-3.24448,-0.0771,-1.1272,5.5291,1.94588,1354,4.17
14645,2,0.13744,-3.21481,-2.9718,0.5105,-25.2772,0.70050,1365,4.17
14655,2,0.09606,-3.19736,-3.5428,1.0044,-30.0000,-0.20109,1357,4.17
14665,2,0.09671,-3.22179,1.0424,-0.3747,14.6625,-0.39244,1365,4.17
14675,2,0.13358,-3.25408,3.6679,-1.5164,30.0000,0.14324,1372,4.16
14685,2,0.16574,-3.25495,1.4224,-0.9447,24.3215,1.06271,1386,4.16
14695,2,0.15601,-3.21219,-2.5424,1.1436,-16.7404,0.94071,1388,4.16
14705,2,0.05247,-3.16681,-5.3637,2.5013,-30.0000,-2.44296,1352,4.16
14715,2,0.02315,-3.15285,-1.5489,2.0593,-15.8905,-0.66809,1351,4.16
14725,2,0.03059,-3.18339,1.5740,0.0138,15.3501,-0.38447,1364,4.16
14735,2,0.08383,-3.21481,3.6413,-1.2483,30.0000,0.92496,1366,4.16
14745,2,0.10629,-3.20783,0.2794,-0.4697,6.5633,1.08978,1373,4.16
14755,2,0.11633,-3.17030,-2.3099,1.2191,-17.7207,1.77317,1381,4.16
14765,2,0.06358,-3.15198,-4.1776,1.4645,-30.0000,-0.48499,1388,4.16
14775,2,0.06054,-3.16332,0.4859,0.4249,6.9047,-0.33427,1352,4.15
14785,2,0.10198,-3.19910,3.0230,-1.1762,30.0000,0.66212,1352,4.15
14795,2,0.12855,-3.20434,0.8275,-0.9152,13.9141,1.04327,1355,4.15
14805,2,0.13105,-3.17205,-2.0018,0.7424,-13.9891,1.25725,1363,4.15
14815,2,0.04531,-3.14325,-4.2239,1.5974,-30.0000,-2.12998,1376,4.15
14825,2,0.02734,-3.14325,-0.8141,0.9584,-9.9462,-0.46399,1382,4.15
14835,2,0.03998,-3.17816,2.1327,-0.8212,20.4891,-0.39428,1386,4.15
14845,2,0.07368,-3.20608,2.2264,-1.6097,22.7363,0.64537,1352,4.15
14855,2,0.08950,-3.18601,-0.6981,-0.1630,-5.5370,1.22954,1353,4.15
14865,2,0.00385,-3.15547,-4.0477,1.1239,-30.0000,-2.25462,1357,4.15
14875,2,-0.02046,-3.14325,-1.2653,1.1631,-19.3680,-0.60348,1363,4.17
14885,2,-0.01390,-3.17118,1.3873,-0.4192,7.6088,-0.37922,1377,4.17
14895,2,0.02892,-3.21655,3.0607,-2.0667,26.6666,0.63950,1381,4.17
14905,2,0.05166,-3.22790,0.7945,-1.6938,3.7205,0.79139,1387,4.17
14915,2,0.07252,-3.20346,-1.7533,-0.0389,-19.1225,1.99221,1352,4.17
14925,2,0.03550,-3.20172,-3.1831,0.0465,-30.0000,-0.22413,1351,4.17
14935,2,0.03978,-3.23226,1.1872,-1.1938,8.4256,-0.33971,1357,4.17
14945,2,0.08328,-3.27764,3.2113,-2.5314,30.0000,0.65264,1364,4.17
14955,2,0.11164,-3.28811,0.9312,-1.9377,10.5005,1.06409,1364,4.17
14965,2,0.12411,-3.25932,-2.0763,-0.0107,-17.7475,1.78551,1377,4.17
14975,2,0.06452,-3.24623,-4.3920,0.5172,-30.0000,-0.71867,1386,4.18
14985,2,0.05688,-3.25757,-0.0149,-0.1435,-0.9670,-0.31811,1392,4.18
14995,2,0.07579,-3.29422,1.9619,-1.5522,19.8814,0.04071,1356,4.18
15005,2,0.09544,-3.30818,0.8583,-1.4898,9.2222,0.64874,1361,4.18
15015,2,0.10532,-3.28637,-1.7373,-0.0212,-15.7788,1.46772,1363,4.18
15025,2,0.04880,-3.28026,-3.8221,0.2316,-30.0000,-0.86595,1365,4.18
15035,2,0.04045,-3.29684,0.1661,-0.5243,-1.6175,-0.46029,1374,4.18
15045,2,0.06735,-3.33611,2.2610,-1.8854,21.5160,0.28197,1381,4.18
15055,2,0.08717,-3.35356,0.8248,-1.8293,7.0056,0.66601,1388,4.18
15065,2,0.09888,-3.33698,-1.7517,-0.4344,-17.8012,1.55997,1352,4.18
15075,2,0.05553,-3.33349,-3.6843,-0.1210,-30.0000,-0.26955,1352,4.20
15085,2,0.05212,-3.35356,0.3592,-0.8755,0.7197,-0.29818,1352,4.20
15095,2,0.07253,-3.39371,1.8486,-2.1310,16.4905,0.16873,1358,4.20
15105,2,0.08884,-3.41290,0.7168,-2.0465,5.2228,0.54590,1364,4.20
15115,2,0.08521,-3.40941,-1.5388,-1.0883,-18.6108,0.67301,1372,4.20
15125,2,0.06189,-3.41901,-1.6027,-1.0369,-21.5496,-0.30262,1379,4.20
15135,2,0.06450,-3.45566,1.2633,-2.0882,8.9246,-0.43646,1391,4.20
15145,2,0.10786,-3.50453,3.3252,-3.2077,30.0000,0.61292,1352,4.20
15155,2,0.13295,-3.52111,1.1451,-2.5879,12.8978,0.81517,1366,4.20
15165,2,0.14911,-3.49843,-2.6227,-0.6451,-23.7422,2.26845,1358,4.20
15175,2,0.05790,-3.49493,-4.7810,-0.2475,-30.0000,-2.11227,1365,4.19
15185,2,0.04821,-3.51239,-0.1176,-0.8466,-5.3996,-0.37747,1369,4.19
15195,2,0.05967,-3.55340,1.9305,-2.1486,15.8118,-0.33265,1380,4.19
15205,2,0.08409,-3.58831,1.3974,-2.6854,10.5580,0.60644,1387,4.19
15215,2,0.08853,-3.60227,-0.7508,-2.1697,-12.4622,0.68595,1352,4.19
15225,2,0.05993,-3.62234,-2.1295,-2.1047,-30.0000,-0.30512,1352,4.19
15235,2,0.06078,-3.67034,1.1302,-3.1827,3.6465,-0.46214,1360,4.19
15245,2,0.09076,-3.73492,3.3864,-4.4927,29.0425,-0.10317,1362,4.19
15255,2,0.12261,-3.76895,1.7214,-4.0570,14.0829,0.85415,1370,4.19
15265,2,0.14601,-3.76372,-1.9746,-2.2247,-21.3381,2.30316,1377,4.19
15275,2,0.05381,-3.77506,-4.5687,-1.7886,-30.0000,-2.27175,1384,4.19
15285,2,0.03917,-3.79862,-0.4193,-2.0157,-13.4928,-0.48313,1391,4.19
15295,2,0.05086,-3.85447,2.0535,-3.4434,12.2822,-0.39120,1352,4.19
15305,2,0.08734,-3.91198,2.6925,-4.3664,20.6919,0.56485,1354,4.19
15315,2,0.10852,-3.93039,0.3033,-3.3564,-2.1146,1.01621,1361,4.19
15325,2,0.02176,-3.93214,-3.0229,-2.0836,-30.0000,-2.80503,1373,4.19
15335,2,-0.00089,-3.95387,-1.2052,-2.1194,-27.1385,-0.53058,1381,4.19
15345,2,0.00376,-4.00283,1.3580,-3.2299,-0.1461,-0.44300,1384,4.19
15355,2,0.03031,-4.07691,3.2486,-4.9015,19.6833,-0.26617,1352,4.19
15365,2,0.06172,-4.13285,2.0646,-5.1784,8.2673,0.59967,1352,4.19
15375,2,0.08202,-4.15816,-0.3315,-4.1193,-14.5876,1.26264,1352,4.21
15385,2,0.05393,-4.19307,-2.1321,-3.8679,-30.0000,-0.28453,1365,4.21
15395,2,0.06579,-4.25677,1.9832,-4.8689,8.3405,-0.33245,1368,4.21
15405,2,0.11872,-4.34055,3.9999,-6.2724,30.0000,0.76518,1373,4.21
15415,2,0.15408,-4.37894,1.5916,-5.2993,11.2092,1.12624,1381,4.21
15425,2,0.15936,-4.37894,-2.5882,-3.1796,-30.0000,1.71749,1352,4.21
15435,2,0.09617,-4.38942,-4.4335,-2.3266,-30.0000,-0.84670,1352,4.21
15445,2,0.08681,-4.42616,0.1708,-2.8655,-5.4014,-0.46684,1352,4.21
15455,2,0.10071,-4.49064,2.2541,-4.2989,16.0590,-0.33125,1352,4.21
15465,2,0.12799,-4.54650,1.8087,-4.8134,12.1265,0.58754,1364,4.21
15475,2,0.13835,-4.57442,-0.2868,-4.0050,-8.9271,0.79980,1369,4.21
15485,2,0.09679,-4.60409,-1.9448,-3.5898,-30.0000,-1.00875,1374,4.21
15495,2,0.09320,-4.65820,0.5694,-4.3181,-4.5302,-0.37106,1378,4.21
15505,2,0.11571,-4.73325,3.1347,-5.5928,23.7722,-0.32596,1381,4.21
15515,2,0.15558,-4.78735,2.9612,-5.5199,25.8343,0.66859,1353,4.21
15525,2,0.19060,-4.79782,-0.2336,-3.7308,-2.7811,2.05807,1352,4.21
15535,2,0.11174,-4.79695,-4.2723,-2.2036,-30.0000,-1.69473,1352,4.21
15545,2,0.07350,-4.81353,-1.8538,-1.9854,-28.4688,-0.91193,1362,4.21
15555,2,0.07106,-4.85978,0.7929,-3.0413,-1.0629,-0.44743,1370,4.21
15565,2,0.09355,-4.92087,2.7495,-4.2682,20.3550,-0.15665,1371,4.21
15575,2,0.12332,-4.96284,1.7331,-4.2399,11.5680,0.74531,1378,4.19
15585,2,0.13308,-4.97410,-1.1105,-2.9943,-16.9777,1.17623,1386,4.19
15595,2,0.06580,-4.99941,-3.1474,-2.8088,-30.0000,-1.72444,1392,4.19
15605,2,0.06085,-5.04391,0.5433,-3.4655,-6.4584,-0.45809,1352,4.19
15615,2,0.08714,-5.10675,3.0847,-4.5926,22.3665,-0.14076,1354,4.19
15625,2,0.12421,-5.16871,2.5563,-5.2339,18.0942,0.69974,1362,4.19
15635,2,0.14794,-5.18354,-0.2336,-3.7338,-7.7559,1.45084,1368,4.19
15645,2,0.06254,-5.19750,-3.2565,-2.7988,-30.0000,-2.57905,1377,4.19
15655,2,0.03668,-5.22543,-0.7949,-2.7963,-22.8597,-0.85864,1383,4.19
15665,2,0.04912,-5.28913,2.1604,-4.2259,8.5492,-0.40934,1387,4.19
15675,2,0.09842,-5.36855,3.9350,-5.7121,29.7959,0.59602,1393,4.19
15685,2,0.13559,-5.41305,1.8821,-5.2075,11.0493,1.05311,1352,4.19
15695,2,0.13587,-5.42440,-1.9943,-3.5783,-29.3414,1.14677,1356,4.19
15705,2,0.08709,-5.44010,-3.8078,-2.7753,-30.0000,-0.44802,1368,4.19
15715,2,0.07416,-5.48112,0.0767,-3.3058,-10.9099,-0.61075,1369,4.19
15725,2,0.09753,-5.54657,3.1491,-4.6015,23.3017,-0.30845,1351,4.19
15735,2,0.14317,-5.60155,3.3438,-4.9600,29.0232,0.75331,1360,4.19
15745,2,0.17147,-5.61638,-0.0489,-3.5694,-3.6379,1.61124,1366,4.19
15755,2,0.09363,-5.62424,-3.2836,-2.4558,-30.0000,-2.15672,1372,4.19
15765,2,0.06405,-5.64954,-0.9673,-2.4858,-22.0755,-0.93126,1374,4.19
15775,2,0.07450,-5.70452,1.9391,-3.6906,9.1959,-0.37256,1367,4.15
15785,2,0.12426,-5.76386,3.8344,-4.5880,30.0000,0.69500,1370,4.15
15795,2,0.16160,-5.79877,1.7964,-4.1491,14.8018,1.13062,1352,4.15
15805,2,0.16075,-5.80051,-1.9097,-2.5592,-23.8220,1.07279,1362,4.15
15815,2,0.08395,-5.81448,-4.2095,-2.0941,-30.0000,-1.65131,1369,4.15
15825,2,0.07367,-5.84589,0.0564,-2.5131,-9.7210,-0.46828,1375,4.15
15835,2,0.09720,-5.89921,3.2874,-3.6406,26.8180,-0.37019,1375,4.15
15845,2,0.13981,-5.94363,2.9224,-3.9611,25.8887,0.80907,1382,4.15
15855,2,0.16864,-5.94276,-0.9237,-2.3418,-11.3115,2.07210,1389,4.15
15865,2,0.07819,-5.93150,-4.1659,-0.9548,-30.0000,-2.36142,1352,4.15
15875,2,0.04514,-5.93674,-1.3063,-0.7823,-23.7915,-0.95429,1359,4.15
15885,2,0.04621,-5.97077,0.9775,-1.8307,-0.1885,-0.38899,1362,4.15
15895,2,0.07941,-6.02392,2.7101,-3.2243,19.2692,0.38454,1373,4.15
15905,2,0.10691,-6.05882,1.5315,-3.3308,8.0272,0.71623,1380,4.15
15915,2,0.11354,-6.06668,-0.9652,-2.3126,-17.4301,0.92756,1381,4.15
15925,2,0.07861,-6.08326,-2.4881,-2.0508,-30.0000,-0.42377,1387,4.15
15935,2,0.08011,-6.12070,1.0765,-2.7280,1.6180,-0.38339,1351,4.15
15945,2,0.11431,-6.18711,3.7876,-4.2932,30.0000,-0.06946,1351,4.15
15955,2,0.15206,-6.23336,2.5622,-4.4260,21.1435,0.75877,1352,4.15
15965,2,0.17264,-6.23248,-0.5321,-2.6207,-7.6822,1.46730,1364,4.15
15975,2,0.08483,-6.22463,-3.5204,-1.2582,-30.0000,-2.54541,1370,4.18
15985,2,0.06086,-6.23685,-0.7125,-1.2436,-17.1716,-0.78153,1375,4.18
15995,2,0.07435,-6.28659,2.2871,-2.7359,14.7097,-0.39447,1374,4.18
16005,2,0.12449,-6.34157,3.8573,-3.8406,30.0000,0.70261,1382,4.18
16015,2,0.15476,-6.35893,1.1159,-2.9990,8.3278,1.11041,1351,4.18
16025,2,0.14838,-6.35021,-2.2551,-1.4503,-27.0617,0.95725,1359,4.18
16035,2,0.10530,-6.35466,-3.5917,-1.0482,-30.0000,-0.25283,1367,4.18
16045,2,0.11090,-6.39393,1.4559,-2.1997,9.9942,-0.33745,1369,4.18
16055,2,0.16241,-6.44794,4.4017,-3.4806,30.0000,0.53729,1371,4.18
16065,2,0.20353,-6.46898,2.1125,-2.9296,24.6906,1.20329,1376,4.18
16075,2,0.20570,-6.44890,-2.1407,-0.9549,-18.8708,1.38472,1378,4.15
16085,2,0.10537,-6.42089,-4.8597,0.5476,-30.0000,-2.48133,1352,4.15
16095,2,0.08017,-6.42185,-1.1302,0.2901,-16.2614,-0.61496,1352,4.15
16105,2,0.09064,-6.45763,1.8901,-1.2571,15.4351,-0.33106,1351,4.15
16115,2,0.12742,-6.48992,2.7649,-2.0458,27.0119,0.58409,1360,4.15
16125,2,0.14800,-6.48468,0.0250,-1.0180,0.1829,1.16442,1372,4.15
16135,2,0.14906,-6.45842,-3.6119,0.4399,-30.0000,2.00829,1379,4.15
16145,2,0.12012,-6.44890,-2.2960,0.6444,-24.8512,-0.17894,1386,4.15
16155,2,0.11845,-6.47151,1.0962,-0.5174,11.0071,-0.51308,1378,4.15
16165,2,0.16724,-6.50563,3.7812,-1.6753,30.0000,0.71618,1352,4.15
16175,2,0.19363,-6.50999,0.7333,-1.1797,12.4293,1.14623,1357,4.15
16185,2,0.19673,-6.47945,-2.3615,0.5139,-18.3898,1.53267,1352,4.15
16195,2,0.10689,-6.45929,-4.4367,1.1147,-30.0000,-2.16672,1366,4.15
16205,2,0.08964,-6.46191,-0.5688,0.5641,-8.1594,-0.48856,1368,4.15
16215,2,0.10531,-6.49341,2.3333,-0.9217,22.8641,-0.27793,1380,4.15
16225,2,0.13607,-6.51435,1.9641,-1.3908,20.3461,0.69197,1387,4.15
16235,2,0.16043,-6.48992,-1.1967,0.1429,-9.5638,1.97704,1352,4.15
16245,2,0.08101,-6.46636,-4.1036,1.0282,-30.0000,-1.83832,1352,4.15
16255,2,0.06366,-6.46199,-0.7907,0.7915,-12.6954,-0.40857,1352,4.15
16265,2,0.06861,-6.49594,1.1446,-0.8830,5.5661,-0.25631,1358,4.15
16275,2,0.09721,-6.53355,2.1024,-2.0343,16.2944,0.47607,1366,4.19
16285,2,0.11197,-6.54498,0.2645,-1.6778,-2.5386,0.71785,1374,4.19
16295,2,0.11786,-6.53966,-1.7288,-0.7938,-22.5886,1.27692,1378,4.19
16305,2,0.09976,-6.55799,-0.8162,-1.2093,-15.0025,-0.39744,1351,4.19
16315,2,0.11229,-6.60249,2.0104,-2.5058,15.3240,-0.26640,1356,4.19
16325,2,0.14695,-6.64264,2.5270,-3.1092,23.0371,0.61632,1352,4.19
16335,2,0.16908,-6.64866,0.0399,-2.1064,-0.8034,1.25586,1352,4.19
16345,2,0.07189,-6.64604,-3.3368,-1.1591,-30.0000,-3.11933,1367,4.19
16355,2,0.04269,-6.66009,-1.5096,-1.2575,-29.0219,-0.66225,1374,4.19
16365,2,0.05204,-6.70887,1.9130,-2.7058,7.4584,-0.43695,1376,4.19
16375,2,0.10812,-6.77345,4.4256,-4.2065,30.0000,0.69934,1375,4.19
16385,2,0.14320,-6.80931,1.8635,-3.9586,12.3775,0.96507,1384,4.19
16395,2,0.15150,-6.81106,-1.2329,-2.4450,-18.4903,1.18332,1356,4.19
16405,2,0.11237,-6.82153,-2.9979,-1.8859,-30.0000,-0.34558,1362,4.19
16415,2,0.11817,-6.85906,1.5064,-2.6325,9.2624,-0.34476,1353,4.19
16425,2,0.16009,-6.90967,3.3614,-3.6041,30.0000,0.57544,1358,4.19
16435,2,0.18780,-6.92372,1.0190,-2.7244,10.1915,1.06390,1367,4.19
16445,2,0.16289,-6.90801,-1.6777,-1.0063,-18.7770,-0.24382,1375,4.19
16455,2,0.12855,-6.91229,-2.0731,-0.7749,-26.1476,-0.55196,1383,4.19
16465,2,0.14693,-6.94449,2.8676,-1.7530,30.0000,-0.36810,1351,4.19
16475,2,0.19958,-6.97338,4.2468,-2.2072,30.0000,0.70872,1352,4.16
16485,2,0.23654,-6.96203,-0.0191,-0.8705,8.0007,2.09442,1353,4.16
16495,2,0.21523,-6.92451,-2.2285,0.9787,-14.5781,0.26373,1361,4.16
16505,2,0.17857,-6.90880,-2.5573,1.2155,-21.3591,-0.37593,1374,4.16
16515,2,0.18890,-6.92634,1.5825,0.0277,24.2767,-0.08570,1382,4.16
16525,2,0.23302,-6.94275,1.2723,-0.6396,23.2424,1.80267,1386,4.16
16535,2,0.22216,-6.91403,-2.5073,0.7647,-17.6724,0.93313,1395,4.16
16545,2,0.18218,-6.88611,-2.5903,1.5758,-20.3617,-0.52210,1356,4.16
16555,2,0.18079,-6.90086,0.7099,0.3556,14.3173,-0.24315,1363,4.16
16565,2,0.21102,-6.90958,0.5678,-0.1357,14.3359,1.43852,1365,4.16
16575,2,0.19146,-6.88166,-2.4227,1.0356,-18.9560,0.42488,1368,4.17
16585,2,0.16172,-6.86159,-1.6080,1.4242,-11.4073,-0.52128,1352,4.17
16595,2,0.16536,-6.87738,0.7205,0.2227,12.5864,-0.01324,1381,4.17
16605,2,0.18037,-6.88960,0.1724,-0.3551,6.1546,0.84470,1393,4.17
16615,2,0.16348,-6.88524,-0.8152,-0.0385,-6.0785,-0.27352,1396,4.17
16625,2,0.15310,-6.88689,-0.0957,-0.0894,1.0645,-0.31778,1356,4.17
16635,2,0.15857,-6.88785,0.1389,-0.0920,4.3135,0.36272,1362,4.17
16645,2,0.15047,-6.87738,-0.7380,0.3636,-5.3757,0.11448,1367,4.17
16667,0,0.14458,-6.86342,-0.0415,0.7767,0.0000,-0.12949,1056,4.17
16677,0,0.14551,-6.87215,0.4257,0.1170,0.0000,-0.02079,966,4.17
16687,0,0.14982,-6.88253,0.4566,-0.3452,0.0000,0.13715,973,4.30
16697,0,0.15222,-6.89222,0.2145,-0.5946,0.0000,0.16479,977,4.30
16707,0,0.14984,-6.89920,0.0713,-0.6360,0.0000,-0.00464,962,4.30
16717,0,0.14725,-6.90618,0.1043,-0.6609,0.0000,-0.03462,961,4.30
16727,0,0.14603,-6.91142,0.1783,-0.6060,0.0000,-0.00398,965,4.30
16737,0,0.14465,-6.91403,0.0543,-0.4683,0.0000,0.04824,967,4.30
16747,0,0.14271,-6.91403,-0.0973,-0.2810,0.0000,0.09451,968,4.30
16757,0,0.13882,-6.91229,-0.2314,-0.0988,0.0000,0.06030,974,4.30
16767,0,0.13487,-6.91142,-0.2900,-0.0244,0.0000,0.08219,983,4.30
16777,0,0.13107,-6.91229,-0.2628,-0.0495,0.0000,0.07252,962,4.30
16787,0,0.12710,-6.91578,-0.2533,-0.1693,0.0000,0.05511,961,4.35
16797,0,0.12303,-6.92014,-0.2133,-0.2761,0.0000,0.02602,961,4.35
16807,0,0.11920,-6.92538,-0.2511,-0.3751,0.0000,0.05342,964,4.35
16817,0,0.11274,-6.92887,-0.3639,-0.3647,0.0000,-0.02815,975,4.35
16827,0,0.10515,-6.93070,-0.2628,-0.2921,0.0000,-0.14322,981,4.35
16837,0,0.10023,-6.93411,0.0426,-0.3114,0.0000,-0.16669,978,4.35
16847,0,0.09983,-6.94013,0.4060,-0.4277,0.0000,-0.12312,985,4.35
16869,0,0.10837,-6.95418,1.0435,-0.8186,0.0000,0.01321,1045,4.35
16879,0,0.11281,-6.96125,0.4853,-0.7739,0.0000,0.09223,976,4.35
16889,0,0.11790,-6.96378,0.3443,-0.5656,0.0000,0.20050,961,4.35
16899,0,0.12026,-6.96125,-0.0138,-0.2381,0.0000,0.24492,963,4.36
16909,0,0.11803,-6.95156,-0.5252,0.2446,0.0000,0.26918,966,4.36
16919,0,0.10975,-6.93323,-0.8258,0.8798,0.0000,0.10859,971,4.36
16929,0,0.09792,-6.91229,-0.8721,1.3656,0.0000,-0.05745,975,4.36
16939,0,0.08704,-6.88960,-0.6502,1.7270,0.0000,-0.13162,981,4.36
16949,0,0.07791,-6.86604,-0.5310,1.9787,0.0000,-0.11327,985,4.36
16959,0,0.06993,-6.84422,-0.5087,2.0599,0.0000,-0.07483,962,4.36
16969,0,0.06163,-6.82502,-0.5874,2.0038,0.0000,-0.05962,962,4.36
16979,0,0.05268,-6.81106,-0.5012,1.7608,0.0000,-0.14431,962,4.36
16989,0,0.04671,-6.80495,-0.2522,1.3008,0.0000,-0.12572,962,4.36
16999,0,0.04377,-6.80321,-0.0824,0.8503,0.0000,-0.06186,975,4.36
17009,0,0.04231,-6.80591,0.0532,0.4020,0.0000,-0.05757,976,4.36
17019,0,0.04271,-6.81368,0.1155,-0.0695,0.0000,0.00509,962,4.36
17029,0,0.04288,-6.82162,0.0213,-0.3593,0.0000,0.04103,962,4.36
17039,0,0.04167,-6.82677,-0.0181,-0.4215,0.0000,-0.01026,966,4.36
17049,0,0.04043,-6.83288,-0.0548,-0.4973,0.0000,0.00622,969,4.36
17070,0,0.03693,-6.85033,-0.1367,-0.9965,0.0000,-0.06965,1067,4.36
17080,0,0.03294,-6.85818,-0.2032,-0.9121,0.0000,-0.06494,963,4.36
17090,0,0.02711,-6.86691,-0.3288,-0.8963,0.0000,-0.09997,963,4.36
17100,0,0.02106,-6.87302,-0.4980,-0.7821,0.0000,-0.03241,969,4.36
17110,0,0.01199,-6.87389,-0.7369,-0.5042,0.0000,-0.07316,983,4.36
17120,0,0.00136,-6.87215,-0.8242,-0.2327,0.0000,-0.11838,982,4.36
17130,0,-0.00929,-6.86944,-0.8221,-0.0314,0.0000,-0.13050,985,4.36
17140,0,-0.01842,-6.86595,-0.8045,0.1208,0.0000,-0.07264,988,4.36
17150,0,-0.02784,-6.86342,-0.8689,0.1737,0.0000,-0.06428,963,4.36
17160,0,-0.03795,-6.85993,-0.9391,0.2438,0.0000,-0.07405,963,4.36
17170,0,-0.04799,-6.85557,-0.9524,0.3208,0.0000,-0.07368,972,4.36
17180,0,-0.05773,-6.85208,-0.9226,0.3321,0.0000,-0.08355,969,4.36
17190,0,-0.06750,-6.85120,-0.9344,0.2342,0.0000,-0.08853,981,4.36
17200,0,-0.07641,-6.85208,-0.8748,0.1056,0.0000,-0.08489,963,4.36
17210,0,-0.08491,-6.85382,-0.8136,-0.0064,0.0000,-0.10278,965,4.36
17220,0,-0.09115,-6.85644,-0.6571,-0.1086,0.0000,-0.07466,967,4.36
17230,0,-0.09635,-6.85722,-0.5241,-0.0966,0.0000,-0.09454,967,4.36
17240,0,-0.10021,-6.85818,-0.4544,-0.0963,0.0000,-0.06600,972,4.36
17250,0,-0.10467,-6.85548,-0.5262,0.0504,0.0000,-0.06446,982,4.36
17271,0,-0.10986,-6.84858,-0.6050,0.3060,0.0000,-0.06697,1039,4.36
17281,0,-0.11471,-6.84858,-0.5736,0.1836,0.0000,-0.07036,974,4.36
17291,0,-0.11845,-6.84946,-0.4900,0.0753,0.0000,-0.06024,980,4.36
17301,0,-0.12132,-6.85208,-0.4166,-0.0596,0.0000,-0.05680,978,4.36
17311,0,-0.12381,-6.85295,-0.3379,-0.0706,0.0000,-0.07939,983,4.36
17321,0,-0.12544,-6.85469,-0.2405,-0.1122,0.0000,-0.08639,973,4.36
17331,0,-0.12611,-6.85382,-0.2123,-0.0324,0.0000,-0.05345,980,4.36
17341,0,-0.12613,-6.85208,-0.2304,0.0504,0.0000,-0.01235,982,4.36
17351,0,-0.12731,-6.84762,-0.4310,0.2082,0.0000,0.02939,967,4.36
17361,0,-0.13097,-6.84335,-0.6279,0.2960,0.0000,-0.00019,968,4.36
17371,0,-0.13683,-6.83977,-0.6933,0.3207,0.0000,-0.08322,972,4.36
17381,0,-0.14264,-6.83986,-0.6529,0.1889,0.0000,-0.10640,975,4.36
17391,0,-0.14758,-6.84160,-0.5927,0.0435,0.0000,-0.09859,961,4.36
17401,0,-0.15214,-6.84501,-0.5603,-0.1100,0.0000,-0.09960,962,4.36
17411,0,-0.15548,-6.84946,-0.4544,-0.2440,0.0000,-0.09559,961,4.36
17421,0,-0.15682,-6.85295,-0.2783,-0.2860,0.0000,-0.08430,966,4.36
17431,0,-0.15630,-6.85644,-0.0165,-0.3113,0.0000,-0.12219,972,4.36
17441,0,-0.15245,-6.85906,0.4922,-0.2915,0.0000,-0.20618,976,4.36
17451,0,-0.14323,-6.86517,1.0132,-0.4192,0.0000,-0.18865,980,4.36
17473,0,-0.12885,-6.87398,1.4330,-0.6041,0.0000,-0.12676,1046,4.36
17483,0,-0.11531,-6.87049,1.2734,-0.2228,0.0000,-0.07487,982,4.36
17493,0,-0.10614,-6.86159,0.9025,0.2223,0.0000,-0.09904,963,4.36
17503,0,-0.09937,-6.85208,0.6742,0.5139,0.0000,-0.09776,963,4.36
17513,0,-0.09478,-6.84335,0.4151,0.6574,0.0000,-0.07284,963,4.36
17523,0,-0.09216,-6.83549,0.2177,0.7086,0.0000,-0.06995,963,4.36
17533,0,-0.09102,-6.82843,0.0336,0.7079,0.0000,-0.05073,963,4.36
17543,0,-0.09152,-6.82581,0.0634,0.5295,0.0000,-0.14805,968,4.36
17553,0,-0.08880,-6.83026,0.4321,0.1397,0.0000,-0.16884,977,4.36
17563,0,-0.07940,-6.84160,1.0249,-0.3700,0.0000,-0.12219,983,4.36
17573,0,-0.06604,-6.85295,1.4011,-0.6758,0.0000,-0.09870,988,4.36
17583,0,-0.05037,-6.86517,1.5581,-0.8942,0.0000,-0.04550,992,4.36
17593,0,-0.03716,-6.87476,1.4144,-0.9205,0.0000,-0.08426,976,4.36
17603,0,-0.02327,-6.87913,1.3324,-0.7268,0.0000,0.00531,963,4.36
17613,0,-0.01175,-6.87651,1.1159,-0.3314,0.0000,0.00601,968,4.36
17623,0,-0.00156,-6.86953,1.0265,0.0804,0.0000,-0.00531,973,4.36
17633,0,0.00739,-6.85827,0.9467,0.4985,0.0000,-0.01831,975,4.36
17643,0,0.01499,-6.84762,0.8429,0.7250,0.0000,-0.02650,963,4.36
