t_ms,state,th,psi,dth,dpsi,u,th_acc,exec_us
599511,0,0.04290,0.29573,-0.1296,0.0241,0.0000,0.04372,1020
599521,3,0.04184,0.00000,-0.1121,0.0000,2.0000,0.04516,1488
599531,3,0.04085,0.00185,-0.1983,0.0739,2.0000,0.09009,1499
599541,3,0.03762,0.00621,-0.3478,0.2189,2.0000,0.05027,1505
599551,3,0.03346,0.01231,-0.3978,0.3755,2.0000,0.02417,1512
599561,3,0.02914,0.01746,-0.3866,0.4310,2.0000,0.00658,1518
599571,3,0.02488,0.02280,-0.3526,0.4722,2.0000,-0.01192,1484
599581,3,0.02103,0.02977,-0.3217,0.5623,2.0000,-0.01048,1486
599591,3,0.01757,0.03491,-0.2962,0.5430,2.0000,-0.00727,1491
599601,3,0.01407,0.04198,-0.3212,0.6084,2.0000,-0.00026,1496
599611,3,0.01013,0.05150,-0.3771,0.7459,2.0000,0.00134,1506
599621,3,0.00542,0.06110,-0.4255,0.8315,2.0000,-0.01736,1509
599631,3,0.00042,0.06982,-0.4164,0.8480,2.0000,-0.04104,1513
599641,3,-0.00390,0.08038,-0.3286,0.9312,2.0000,-0.05550,1486
599651,3,-0.00674,0.08727,-0.2126,0.8340,2.0000,-0.04253,1484
599661,3,-0.00797,0.09599,-0.1169,0.8495,2.0000,-0.01089,1486
599671,3,-0.00857,0.10307,-0.1206,0.7929,2.0000,0.02130,1492
599681,3,-0.00988,0.11267,-0.2111,0.8597,2.0000,0.03032,1499
599691,3,-0.01263,0.12393,-0.3393,0.9662,2.0000,0.01971,1510
599701,3,-0.01706,0.13797,-0.4255,1.1413,2.0000,-0.02604,1516
599711,3,-0.02224,0.15193,-0.3936,1.2432,2.0000,-0.08448,1500
599721,3,-0.02632,0.16591,-0.2142,1.3050,2.0000,-0.12312,1504
599731,3,-0.02816,0.17725,-0.0429,1.2365,2.0000,-0.09855,1506
599741,3,-0.02783,0.18860,0.0257,1.1960,2.0000,-0.02444,1514
599751,3,-0.02676,0.19984,-0.0227,1.1674,2.0000,0.03825,1519
599761,3,-0.02723,0.21391,-0.2126,1.2632,2.0000,0.05545,1524
599771,3,-0.02988,0.22701,-0.3691,1.2816,2.0000,0.02197,1483
599781,3,-0.03340,0.23912,-0.3531,1.2536,2.0000,-0.03246,1486
599791,3,-0.03610,0.25055,-0.2568,1.2093,2.0000,-0.04261,1487
599801,3,-0.03732,0.26102,-0.1483,1.1443,2.0000,-0.02441,1492
599811,3,-0.03784,0.26974,-0.1185,1.0357,2.0000,-0.00453,1505
599821,3,-0.03889,0.27936,-0.1669,1.0059,2.0000,-0.00804,1509
599831,3,-0.04070,0.28983,-0.2228,1.0223,2.0000,-0.02006,1511
599841,3,-0.04394,0.30107,-0.2643,1.0632,2.0000,-0.07336,1486
599851,3,-0.04629,0.31155,-0.1227,1.0572,2.0000,-0.10276,1484
599861,3,-0.04653,0.32300,0.0401,1.0921,2.0000,-0.07868,1486
599871,3,-0.04457,0.33162,0.2274,1.0001,2.0000,-0.06003,1495
599881,3,-0.04146,0.33868,0.2780,0.8827,2.0000,-0.02473,1502
599891,3,-0.03853,0.34567,0.2396,0.8091,2.0000,-0.01201,1487
599901,3,-0.03623,0.35353,0.1487,0.7998,2.0000,0.00423,1496
599911,3,-0.03537,0.36137,-0.0019,0.7936,2.0000,0.00869,1501
599921,3,-0.03683,0.37099,-0.1701,0.8607,2.0000,-0.02483,1500
599931,3,-0.03918,0.38136,-0.1988,0.9315,2.0000,-0.05745,1507
599941,3,-0.04136,0.39192,-0.1605,0.9812,2.0000,-0.06965,1514
599951,3,-0.04313,0.40154,-0.0940,0.9733,2.0000,-0.08477,1489
599961,3,-0.04263,0.41026,0.1492,0.9331,2.0000,-0.09244,1490
599971,3,-0.04084,0.41550,0.2242,0.7692,2.0000,-0.06328,1492
599981,3,-0.03868,0.42073,0.2556,0.6709,2.0000,-0.05874,1500
599991,3,-0.03546,0.42508,0.2929,0.5765,2.0000,-0.02066,1509
600001,3,-0.03216,0.42761,0.2976,0.4472,2.0000,-0.01578,1517
600011,3,-0.02935,0.43207,0.2609,0.4465,2.0000,-0.01978,1501
600021,3,-0.02660,0.43730,0.2567,0.4773,2.0000,-0.01740,1501
600031,3,-0.02490,0.44341,0.1689,0.5305,2.0000,-0.02406,1512
600041,3,-0.02380,0.45126,0.0965,0.6326,2.0000,-0.01722,1518
600051,3,-0.02370,0.46173,-0.0035,0.7983,2.0000,-0.01703,1484
600061,3,-0.02369,0.47221,0.0029,0.8983,2.0000,-0.02448,1486
600071,3,-0.02391,0.48181,0.0252,0.9229,2.0000,-0.04769,1486
600081,3,-0.02307,0.49141,0.1343,0.9376,2.0000,-0.04818,1491
600091,3,-0.02111,0.50014,0.1992,0.9117,2.0000,-0.02270,1500
600101,3,-0.01868,0.50800,0.2279,0.8614,2.0000,-0.01093,1508
600111,3,-0.01642,0.51576,0.2072,0.8275,2.0000,-0.00712,1523
600121,3,-0.01439,0.52371,0.1689,0.8145,2.0000,0.00286,1505
600131,3,-0.01293,0.53154,0.1662,0.8018,2.0000,-0.02310,1485
600141,3,-0.01150,0.54115,0.1880,0.8656,2.0000,-0.03401,1494
600151,3,-0.01030,0.55075,0.1955,0.9033,2.0000,-0.04838,1525
600161,3,-0.00889,0.56113,0.2120,0.9570,2.0000,-0.04424,1486
600171,3,-0.00751,0.57257,0.2083,1.0320,2.0000,-0.04272,1488
600181,3,-0.00612,0.58566,0.2130,1.1429,2.0000,-0.04302,1490
600191,3,-0.00493,0.59962,0.1779,1.2442,2.0000,-0.03440,1496
600201,3,-0.00346,0.61436,0.1785,1.3361,2.0000,-0.01906,1500
600211,3,-0.00243,0.63278,0.1332,1.5384,2.0000,-0.01745,1507
600221,3,-0.00187,0.65024,0.1157,1.6213,2.0000,-0.03203,1513
600231,3,-0.00043,0.66681,0.2130,1.6356,2.0000,-0.03496,1520
600241,3,0.00279,0.68427,0.2886,1.6796,2.0000,0.01958,1526
600251,3,0.00621,0.70261,0.2146,1.7414,2.0000,0.06983,1489
600261,3,0.00739,0.72353,0.0369,1.8816,2.0000,0.04821,1492
600271,3,0.00644,0.74710,-0.0456,2.0720,2.0000,-0.01840,1500
600281,3,0.00618,0.76883,0.0821,2.1123,2.0000,-0.04804,1507
600291,3,0.00752,0.78899,0.2013,2.0737,2.0000,-0.02609,1513
600301,3,0.00963,0.80733,0.2631,1.9778,2.0000,-0.01638,1520
600311,3,0.01263,0.82388,0.3439,1.8489,2.0000,-0.00909,1503
600321,3,0.01735,0.84047,0.4142,1.7728,2.0000,0.04583,1489
600331,3,0.02208,0.85870,0.3620,1.7931,2.0000,0.07773,1520
600341,3,0.02520,0.87888,0.1960,1.8827,2.0000,0.08309,1527
600351,3,0.02702,0.90157,0.1407,2.0372,2.0000,0.04773,1484
600361,3,0.02822,0.92337,0.0848,2.0945,2.0000,0.04607,1491
600371,3,0.02925,0.94695,-0.0402,2.1997,2.0000,0.10089,1488
600381,3,0.02686,0.97224,-0.3600,2.3318,2.0000,0.08709,1500
600391,3,0.02155,1.00191,-0.5362,2.5856,2.0000,0.02414,1502
600401,3,0.01616,1.03595,-0.5697,2.9131,2.0000,0.03179,1516
600411,3,0.00969,1.07086,-0.5420,3.1443,2.0000,-0.04304,1504
600421,3,0.00557,1.09967,-0.3334,3.0389,2.0000,-0.03343,1503
600431,3,0.00362,1.12671,-0.1919,2.9049,2.0000,0.00207,1509
600441,3,0.00314,1.15105,-0.0940,2.7165,2.0000,0.02614,1513
600451,3,0.00330,1.17471,-0.0589,2.5765,2.0000,0.04060,1517
600461,3,0.00399,1.19653,-0.0599,2.4187,2.0000,0.06836,1486
600471,3,0.00335,1.21658,-0.1137,2.2532,2.0000,0.02824,1484
600481,3,0.00173,1.23666,-0.0908,2.1552,2.0000,-0.03385,1486
600491,3,0.00133,1.25499,0.0518,2.0261,2.0000,-0.04470,1484
600501,3,0.00374,1.26984,0.2333,1.8096,2.0000,0.00768,1493
600511,3,0.00749,1.28554,0.2588,1.7138,2.0000,0.06564,1499
600521,3,0.01102,1.30124,0.0933,1.6563,0.0000,0.14098,1507
600531,3,0.01275,1.31694,-0.0195,1.6218,0.0000,0.10864,1486
600541,3,0.01391,1.33092,-0.1302,1.5322,0.0000,0.13712,1489
600551,3,0.01401,1.34401,-0.2627,1.4430,0.0000,0.15050,1499
600561,3,0.01165,1.35884,-0.4388,1.4591,0.0000,0.11300,1502
600571,3,0.00693,1.37367,-0.5495,1.4687,0.0000,0.04540,1507
600581,3,0.00125,1.38588,-0.4649,1.3695,0.0000,-0.04990,1514
600591,3,-0.00140,1.39461,-0.1871,1.1708,0.0000,-0.04049,1485
600601,3,-0.00219,1.39810,-0.0392,0.8423,0.0000,-0.02203,1483
600611,3,-0.00064,1.40063,0.1412,0.6067,0.0000,0.00602,1518
600621,3,0.00302,1.40073,0.2966,0.3677,0.0000,0.03799,1523
600631,3,0.00684,1.39984,0.1891,0.1852,0.0000,0.10328,1485
600641,3,0.00912,1.39803,0.0300,0.0385,0.0000,0.10785,1483
600651,3,0.00928,1.39461,-0.1206,-0.1136,0.0000,0.07784,1483
600661,3,0.00789,1.39191,-0.1818,-0.1762,0.0000,0.02914,1496
600671,3,0.00718,1.38765,-0.0466,-0.2760,0.0000,-0.00478,1503
600681,3,0.00858,1.38153,0.1348,-0.4104,0.0000,0.01089,1513
600691,3,0.01072,1.37456,0.2226,-0.5251,0.0000,0.00664,1497
600701,3,0.01203,1.36844,0.2024,-0.5598,0.0000,-0.02384,1497
600711,3,0.01391,1.36670,0.2636,-0.4055,0.0000,-0.02383,1508
600721,3,0.01807,1.36757,0.3620,-0.2085,0.0000,0.04496,1509
600731,3,0.02269,1.37193,0.2710,0.0495,0.0000,0.11814,1510
600741,3,0.02529,1.37804,0.0710,0.2738,0.0000,0.11987,1510
600751,3,0.02535,1.38765,-0.0339,0.5488,0.0000,0.04503,1481
600761,3,0.02477,1.39810,0.0045,0.7474,0.0000,-0.00634,1483
600771,3,0.02546,1.41206,0.1556,1.0069,0.0000,-0.01746,1484
600781,3,0.02751,1.41199,0.2450,0.6011,0.0000,0.00714,1486
600791,3,0.02906,1.39287,0.0002,-0.4041,0.0000,0.10636,1492
600801,3,0.02955,1.37543,-0.0131,-0.9401,0.0000,0.06098,1497
600811,3,0.03037,1.36058,0.1816,-1.1579,0.0000,-0.01953,1510
600821,3,0.03291,1.34401,0.3530,-1.3576,0.0000,-0.01680,1516
600831,3,0.03559,1.32043,0.2290,-1.7576,0.0000,0.05513,1498
600841,3,0.03610,1.29338,0.0896,-2.1367,0.0000,0.01706,1505
600851,3,0.03680,1.26808,0.1173,-2.2940,0.0000,0.01293,1511
600861,3,0.03764,1.24365,0.1838,-2.3536,0.0000,-0.01197,1510
600871,3,0.03975,1.21834,0.2615,-2.4247,0.0000,0.01418,1518
600881,3,0.04233,1.19032,0.2902,-2.5754,0.0000,0.02629,1523
600891,3,0.04623,1.15813,0.3418,-2.8331,0.0000,0.07018,1481
600901,3,0.04997,1.12584,0.2870,-2.9914,0.0000,0.09374,1487
600911,3,0.05241,1.09618,0.2572,-2.9813,0.0000,0.04579,1490
600921,3,0.05512,1.06737,0.2535,-2.9411,0.0000,0.06381,1498
600931,3,0.05806,1.03587,0.2710,-3.0245,0.0000,0.06971,1502
600941,3,0.06067,1.00018,0.3163,-3.2423,0.0000,0.03305,1513
600951,3,0.06284,0.96440,0.3418,-3.3766,0.0000,0.00006,1481
600961,3,0.06628,0.93210,0.4067,-3.3181,0.0000,0.03505,1483
600971,3,0.06834,0.90234,0.2859,-3.1810,0.0000,0.02853,1482
600981,3,0.06936,0.87267,0.2114,-3.0958,0.0000,0.01440,1483
600991,3,0.06978,0.84746,0.1401,-2.8658,0.0000,0.02079,1492
601001,3,0.06913,0.82477,0.0869,-2.6270,0.0000,-0.00649,1504
601011,3,0.06915,0.80635,0.0593,-2.3129,0.0000,0.04038,1513
601021,0,0.06821,0.79413,-0.0663,-1.8766,0.0000,0.05403,1912
601040,0,0.07255,0.75844,0.5802,-2.5536,0.0000,-0.00045,1127
601050,0,0.08046,0.73138,0.7611,-2.6143,0.0000,0.09569,1083
601060,0,0.08862,0.70085,0.7553,-2.7899,0.0000,0.11897,1076
601070,0,0.09527,0.67030,0.6914,-2.8959,0.0000,0.08196,1074
601080,0,0.10120,0.64412,0.6893,-2.7849,0.0000,0.05283,1080
601090,0,0.10642,0.62056,0.5940,-2.6133,0.0000,0.07045,1074
601100,0,0.10969,0.60225,0.4658,-2.3004,0.0000,0.04038,1088
601110,0,0.11246,0.58566,0.4748,-2.0437,0.0000,0.01360,1085
601120,0,0.11674,0.57082,0.5291,-1.8201,0.0000,0.06639,1094
601130,0,0.12115,0.55861,0.4573,-1.5803,0.0000,0.11277,1058
601140,0,0.12400,0.54988,0.3019,-1.2973,0.0000,0.11571,1069
601150,0,0.12551,0.54639,0.1556,-0.9182,0.0000,0.12304,1058
601160,0,0.12541,0.54813,-0.0211,-0.4813,0.0000,0.13096,1065
601170,0,0.12369,0.55336,-0.1642,-0.0794,0.0000,0.11989,1069
601180,0,0.12120,0.56035,-0.2345,0.2319,0.0000,0.11371,1074
601190,0,0.11870,0.56908,-0.2478,0.4882,0.0000,0.11752,1050
601200,0,0.11631,0.57867,-0.2526,0.6769,0.0000,0.12328,1079
601210,0,0.11397,0.58740,-0.2675,0.7552,0.0000,0.13073,1078
601220,0,0.10972,0.59613,-0.4377,0.8023,0.0000,0.11626,1064
601230,0,0.10570,0.60661,-0.4659,0.9007,0.0000,0.13750,1063
601249,0,0.09994,0.63365,-0.6607,1.6219,0.0000,0.14242,1116
601259,0,0.09216,0.65198,-0.8294,1.7062,0.0000,0.11779,1091
601269,0,0.08323,0.67458,-0.9156,1.9277,0.0000,0.09452,1092
601279,0,0.07390,0.69911,-1.0614,2.1380,0.0000,0.13807,1075
601289,0,0.06286,0.72702,-1.2402,2.3992,0.0000,0.13074,1079
601299,0,0.04990,0.75583,-1.4189,2.5918,0.0000,0.11134,1083
601309,0,0.03514,0.78638,-1.6297,2.7770,0.0000,0.11196,1092
601319,0,0.01780,0.81865,-1.7904,2.9571,0.0000,0.04602,1096
601329,0,-0.00007,0.85182,-1.7728,3.1012,0.0000,-0.00685,1101
601339,0,-0.01679,0.88489,-1.7366,3.1833,0.0000,0.01546,1103
601349,0,-0.03362,0.91551,-1.7361,3.1350,0.0000,-0.00702,1108
601359,0,-0.05013,0.94606,-1.7776,3.1029,0.0000,0.01312,1070
601369,0,-0.06959,0.97391,-1.8675,2.9756,0.0000,-0.10912,1076
601379,0,-0.08759,0.99747,-1.5690,2.7278,0.0000,-0.20318,1080
601389,0,-0.10133,1.01675,-1.1731,2.4081,0.0000,-0.20170,1087
601399,0,-0.11158,1.02985,-0.8655,1.9686,0.0000,-0.19106,1087
601409,0,-0.11868,1.04031,-0.5867,1.5998,0.0000,-0.18032,1094
601419,0,-0.12356,1.04817,-0.4250,1.2742,0.0000,-0.15500,1097
601429,0,-0.12660,1.05254,-0.3031,0.9391,0.0000,-0.12712,1105
601439,0,-0.12932,1.05681,-0.2941,0.7344,0.0000,-0.11852,1062
601457,0,-0.13156,1.06126,-0.2706,0.6188,0.0000,-0.10797,1126
601467,0,-0.13389,1.06300,-0.2967,0.4409,0.0000,-0.10193,1065
601477,0,-0.13631,1.06554,-0.3388,0.3658,0.0000,-0.08798,1072
601487,0,-0.13947,1.06824,-0.4377,0.3275,0.0000,-0.07886,1080
601497,0,-0.14397,1.07086,-0.5638,0.3015,0.0000,-0.08706,1094
601507,0,-0.14913,1.07610,-0.6208,0.3903,0.0000,-0.09656,1096
601517,0,-0.15559,1.08124,-0.7176,0.4398,0.0000,-0.11974,1105
601527,0,-0.16404,1.08832,-0.8240,0.5471,0.0000,-0.17488,1061
601537,0,-0.17373,1.09618,-0.7660,0.6426,0.0000,-0.27516,1070
601547,0,-0.18242,1.10226,-0.5814,0.6291,0.0000,-0.32625,1061
601557,0,-0.18844,1.10750,-0.3116,0.5868,0.0000,-0.33359,1067
601567,0,-0.19137,1.11266,-0.1169,0.5584,0.0000,-0.27938,1069
601577,0,-0.19244,1.11885,-0.0732,0.5828,0.0000,-0.20898,1078
601587,0,-0.19334,1.12758,-0.1685,0.6988,0.0000,-0.15427,1078
601597,0,-0.19545,1.13795,-0.3111,0.8343,0.0000,-0.14542,1087
601607,0,-0.19916,1.15114,-0.4462,1.0279,0.0000,-0.16170,1061
601617,0,-0.20413,1.16589,-0.5293,1.2070,0.0000,-0.18780,1067
601627,0,-0.21040,1.18344,-0.6059,1.4261,0.0000,-0.22098,1061
601637,0,-0.21833,1.20428,-0.7011,1.6894,0.0000,-0.26433,1068
601647,0,-0.22566,1.22620,-0.6224,1.8901,0.0000,-0.28075,1072
601666,0,-0.23121,1.26895,-0.6016,2.8443,0.0000,-0.20820,1122
601676,0,-0.23628,1.29425,-0.6469,2.7185,0.0000,-0.16622,1085
601686,0,-0.24203,1.31956,-0.8033,2.6437,0.0000,-0.12775,1076
601696,0,-0.25070,1.34749,-1.1204,2.7032,0.0000,-0.12402,1078
601706,0,-0.26363,1.37630,-1.3663,2.7742,0.0000,-0.22732,1091
601716,0,-0.27598,1.40596,-1.3083,2.8511,0.0000,-0.23908,1066
601726,0,-0.28886,1.43651,-1.3790,2.9326,0.0000,-0.24362,1093
601736,0,-0.30284,1.46783,-1.4578,3.0126,0.0000,-0.27293,1078
601746,0,-0.31751,1.49759,-1.4924,2.9977,0.0000,-0.30481,1081
601756,0,-0.33340,1.52638,-1.5174,2.9504,0.0000,-0.36891,1077
601766,0,-0.34817,1.55519,-1.3562,2.9226,0.0000,-0.40850,1087
601776,0,-0.36074,1.58136,-1.0864,2.8003,0.0000,-0.44646,1073
601786,0,-0.37027,1.60405,-0.8214,2.5878,0.0000,-0.43595,1076
601796,0,-0.37731,1.62413,-0.6570,2.3559,0.0000,-0.40080,1079
601806,0,-0.38375,1.64323,-0.6751,2.1777,0.0000,-0.36841,1085
601816,0,-0.39024,1.66505,-0.7150,2.1794,0.0000,-0.35717,1067
601826,0,-0.39820,1.68774,-0.8331,2.2152,0.0000,-0.37972,1072
601836,0,-0.40701,1.71489,-0.9209,2.4150,0.0000,-0.38674,1075
601846,0,-0.41680,1.74281,-0.9911,2.5659,0.0000,-0.41070,1083
601856,0,-0.42738,1.76987,-0.9805,2.6217,0.0000,-0.46653,1066
601875,0,-0.43481,1.81349,-0.4718,3.3180,0.0000,-0.57009,1121
601885,0,-0.43737,1.83086,0.0092,2.6854,0.0000,-0.57026,1087
601895,0,-0.43447,1.84317,0.4780,2.1038,0.0000,-0.52850,1095
601905,0,-0.42692,1.85094,0.8574,1.5729,0.0000,-0.47794,1073
601915,0,-0.41645,1.85452,1.0469,1.0872,0.0000,-0.41640,1083
601925,0,-0.40506,1.85713,1.0394,0.7567,0.0000,-0.35535,1061
601935,0,-0.39472,1.85966,1.0064,0.5553,0.0000,-0.38090,1074
601945,0,-0.38328,1.85976,1.2054,0.3369,0.0000,-0.41395,1075
601955,0,-0.36857,1.85364,1.4417,-0.0426,0.0000,-0.35417,1081
601965,0,-0.35165,1.84055,1.6764,-0.5493,0.0000,-0.34355,1085
601975,0,-0.33166,1.81961,1.9174,-1.1670,0.0000,-0.29104,1090
601985,0,-0.30943,1.79080,2.0313,-1.8525,0.0000,-0.21326,1088
601995,0,-0.28870,1.75940,1.9344,-2.3676,0.0000,-0.21978,1104
