t_ms,state,th,psi,dth,dpsi,u,th_acc,exec_us,vin,v_ref,yaw
341967,0,0.00438,11.92400,-0.0111,-0.0000,0.0000,0.00661,1062,4.38,0.000,0.00
341977,3,0.00385,-0.00087,-0.0085,-0.0349,45.0000,-0.01844,1572,4.38,0.000,0.00
341987,3,0.01081,0.02269,-0.0963,0.9215,45.0000,0.40724,1540,4.38,0.000,0.00
341997,3,0.00740,0.10132,-0.5981,3.6980,45.0000,0.13556,1543,4.38,0.000,0.00
342007,3,0.00138,0.23658,-0.7146,7.6293,45.0000,0.05786,1546,4.38,0.000,0.00
342017,3,-0.00525,0.41548,-0.7827,11.7334,45.0000,0.05484,1549,4.38,0.000,0.00
342027,3,-0.01365,0.63713,-0.8508,15.9063,45.0000,-0.00863,1553,4.38,0.000,0.00
342037,3,-0.02216,0.90068,-0.8423,20.0856,45.0000,-0.02647,1530,4.38,0.000,0.00
342047,3,-0.03109,1.19651,-0.8407,23.8847,45.0000,-0.05692,1540,4.38,0.000,0.00
342057,3,-0.03887,1.52201,-0.7896,27.3510,45.0000,-0.03351,1530,4.38,0.000,0.00
342067,3,-0.04781,1.87893,-0.7710,30.6874,45.0000,-0.10929,1547,4.38,0.000,0.00
342077,3,-0.05562,2.26631,-0.7151,33.9075,45.0000,-0.08829,1556,4.12,0.000,0.00
342087,3,-0.06292,2.66599,-0.6518,36.3317,45.0000,-0.10225,1548,4.12,0.000,0.00
342097,3,-0.06923,3.08051,-0.5810,38.3796,45.0000,-0.09389,1562,4.12,0.000,0.00
342107,3,-0.07556,3.51605,-0.5145,40.4497,45.0000,-0.13484,1548,4.12,0.000,0.00
342117,3,-0.08120,3.95500,-0.4698,41.8278,45.0000,-0.12826,1547,4.12,0.000,0.00
342127,3,-0.08599,4.41490,-0.4118,43.4925,45.0000,-0.11966,1557,4.12,0.000,0.00
342137,3,-0.08991,4.87654,-0.3341,44.5611,45.0000,-0.11889,1562,4.12,0.000,0.00
342147,3,-0.09324,5.34865,-0.2724,45.6211,45.0000,-0.12373,1563,4.12,0.000,0.00
342157,3,-0.09621,5.83821,-0.2160,46.9553,45.0000,-0.13646,1569,4.12,0.000,0.00
342167,3,-0.09868,6.35047,-0.1527,48.6633,45.0000,-0.14588,1566,4.12,0.000,0.00
342177,3,-0.10019,6.87145,-0.0713,50.0372,45.0000,-0.14004,1532,4.17,0.000,0.00
342187,3,-0.10104,7.41250,0.0064,51.6644,45.0000,-0.14685,1546,4.17,0.000,0.00
342197,3,-0.10147,7.96053,0.1027,52.9200,45.0000,-0.17449,1543,4.17,0.000,0.00
342207,3,-0.10070,8.51817,0.2155,54.0573,45.0000,-0.16978,1546,4.17,0.000,0.00
342217,3,-0.09946,9.07222,0.2975,54.5966,45.0000,-0.18617,1549,4.17,0.000,0.00
342227,3,-0.09656,9.63431,0.3922,55.2413,45.0000,-0.14769,1557,4.17,0.000,0.00
342237,3,-0.09338,10.18670,0.4795,55.2406,45.0000,-0.17425,1560,4.17,0.000,0.00
342247,3,-0.08854,10.73212,0.5657,54.9610,45.0000,-0.12924,1532,4.17,0.000,0.00
342257,3,-0.08267,11.28189,0.6599,54.9677,45.0000,-0.11932,1560,4.17,0.000,0.00
342267,3,-0.07640,11.83517,0.7397,55.1115,45.0000,-0.13237,1540,4.17,0.000,0.00
342277,3,-0.06902,12.39716,0.8418,55.5467,45.0000,-0.12081,1542,4.22,0.000,0.00
342287,3,-0.06081,12.97041,0.9440,56.2582,45.0000,-0.12256,1547,4.22,0.000,0.00
342297,3,-0.05163,13.56130,1.0813,57.3902,45.0000,-0.13331,1547,4.22,0.000,0.00
342307,3,-0.04174,14.15296,1.2473,58.1007,45.0000,-0.17082,1553,4.22,0.000,0.00
342317,3,-0.03002,14.75859,1.4735,59.0856,45.0000,-0.18064,1552,4.22,0.000,0.00
342327,3,-0.01348,15.35986,1.6794,59.5020,45.0000,-0.02632,1562,4.22,0.000,0.00
342337,3,0.01195,15.96200,1.1233,59.7868,45.0000,0.72164,1568,4.22,0.000,0.00
342347,3,0.02422,16.55707,0.3401,59.6748,45.0000,0.46779,1535,4.22,0.000,0.00
342357,3,0.02948,17.15048,-0.4161,59.5414,45.0000,0.50065,1565,4.22,0.000,0.00
342367,3,0.02534,17.75183,-0.9860,59.7789,45.0000,0.31110,1569,4.22,0.000,0.00
342377,3,0.01380,18.34175,-0.7715,59.4642,45.0000,-0.17731,1571,4.26,0.000,0.00
342387,3,0.00849,18.94913,-0.2910,59.9736,45.0000,-0.11145,1553,4.26,0.000,0.00
342397,3,0.00528,19.55825,-0.0691,60.3489,45.0000,-0.12079,1560,4.26,0.000,0.00
342407,3,0.00477,20.18482,0.1453,61.2723,45.0000,-0.09319,1548,4.26,0.000,0.00
342417,3,0.00689,20.83059,0.2565,62.5942,45.0000,-0.01557,1556,4.26,0.000,0.00
342427,3,0.01056,21.45708,0.2320,62.6160,45.0000,0.07841,1560,4.26,0.000,0.00
342437,3,0.01335,22.08374,0.0873,62.6360,45.0000,0.10893,1564,4.26,0.000,0.00
342447,3,0.01495,22.69286,-0.0633,61.9465,45.0000,0.12663,1565,4.26,0.000,0.00
342457,3,0.01321,23.28967,-0.1990,61.0405,45.0000,0.02569,1541,4.26,0.000,0.00
342467,3,0.01014,23.88230,-0.1670,60.3293,45.0000,-0.05988,1539,4.26,0.000,0.00
342477,3,0.00782,24.46524,-0.0383,59.5152,45.0000,-0.08880,1542,4.28,0.000,0.00
342487,3,0.00723,25.07261,0.0990,60.0041,45.0000,-0.07173,1545,4.28,0.000,0.00
342497,3,0.00885,25.67475,0.1512,60.0880,45.0000,0.01417,1549,4.28,0.000,0.00
342507,3,0.01084,26.29522,0.0979,60.8714,45.0000,0.06137,1553,4.28,0.000,0.00
342517,3,0.01207,26.92616,0.0437,61.7603,45.0000,0.05178,1560,4.28,0.000,0.00
342527,3,0.01297,27.52829,-0.0287,61.1417,45.0000,0.07206,1570,4.28,0.000,0.00
342537,3,0.01190,28.12781,-0.0952,60.6658,45.0000,0.00595,1533,4.28,0.000,0.00
342547,3,0.01078,28.70377,-0.0824,59.4378,45.0000,-0.00375,1567,4.28,0.000,0.00
342557,3,0.00940,29.25704,-0.0665,57.7935,45.0000,-0.02643,1573,4.28,0.000,0.00
342567,3,0.00860,29.80158,-0.0218,56.4578,45.0000,-0.02032,1552,4.28,0.000,0.00
342577,3,0.00808,30.33653,0.0149,55.2725,45.0000,-0.02578,1541,4.33,0.000,0.00
342587,3,0.00820,30.86972,0.0490,54.4913,45.0000,-0.00992,1540,4.33,0.000,0.00
342597,3,0.00959,31.40991,0.0516,54.3021,45.0000,0.05288,1544,4.33,0.000,0.00
342607,3,0.01065,31.95183,0.0453,54.2582,45.0000,0.04142,1546,4.33,0.000,0.00
342617,3,0.01163,32.49026,-0.0016,54.0922,45.0000,0.06136,1557,4.33,0.000,0.00
342627,3,0.01209,33.01124,-0.0042,53.2946,45.0000,0.03690,1562,4.33,0.000,0.00
342637,3,0.01217,33.52262,-0.0122,52.4321,45.0000,0.02262,1555,4.33,0.000,0.00
342647,3,0.01228,34.02179,-0.0165,51.4258,45.0000,0.02558,1540,4.33,0.000,0.00
342657,3,0.01189,34.50262,-0.0319,50.0889,45.0000,0.00841,1536,4.33,0.000,0.00
342667,3,0.01145,34.97038,-0.0867,48.7634,45.0000,0.03291,1546,4.33,0.000,0.00
342677,3,0.00973,35.43289,-0.0819,47.7585,45.0000,-0.03517,1548,4.47,0.000,0.00
342687,3,0.00868,35.88231,-0.0670,46.6320,45.0000,-0.01068,1553,4.47,0.000,0.00
342697,3,0.00835,36.32737,-0.0361,45.7815,45.0000,0.01036,1550,4.47,0.000,0.00
342707,3,0.00822,36.77330,0.0038,45.3062,45.0000,-0.00021,1560,4.47,0.000,0.00
342717,3,0.00825,37.22010,0.0410,45.0559,45.0000,-0.01107,1540,4.47,0.000,0.00
342727,3,0.00878,37.65993,0.0612,44.6265,45.0000,0.00507,1540,4.47,0.000,0.00
342737,3,0.00923,38.10847,0.0937,44.7178,45.0000,-0.01535,1536,4.47,0.000,0.00
342747,3,0.01008,38.54917,0.0713,44.4585,45.0000,0.01693,1538,4.47,0.000,0.00
342757,3,0.01142,38.97765,0.0474,43.8143,45.0000,0.05488,1589,4.47,0.000,0.00
342767,3,0.01277,39.40438,-0.0372,43.3579,45.0000,0.09855,1550,4.47,0.000,0.00
342777,3,0.01269,39.82937,-0.0766,43.0143,45.0000,0.04708,1564,4.45,0.000,0.00
342787,3,0.01049,40.25427,-0.1213,42.8046,45.0000,-0.03858,1566,4.45,0.000,0.00
342797,3,0.00955,40.66704,-0.1085,42.1935,45.0000,0.01652,1540,4.45,0.000,0.00
342807,3,0.00792,41.07204,-0.1112,41.5162,45.0000,-0.01785,1540,4.45,0.000,0.00
342817,3,0.00750,41.48132,-0.0537,41.2809,45.0000,0.01326,1540,4.45,0.000,0.00
342827,3,0.00627,41.89060,0.0085,41.1397,45.0000,-0.05937,1536,4.45,0.000,0.00
342837,3,0.00636,42.29029,0.0814,40.6712,45.0000,-0.02983,1548,4.45,0.000,0.00
342847,3,0.00751,42.68647,0.1107,40.2502,45.0000,0.00963,1552,4.45,0.000,0.00
342857,3,0.00927,43.10274,0.1027,40.8007,45.0000,0.04588,1552,4.45,0.000,0.00
342867,3,0.01094,43.51638,0.0543,41.0261,45.0000,0.06731,1556,4.45,0.000,0.00
342877,3,0.01176,43.93526,-0.0133,41.3709,45.0000,0.05946,1562,4.36,0.000,0.00
342887,3,0.01092,44.35763,-0.0718,41.7172,45.0000,0.00485,1563,4.36,0.000,0.00
342897,3,0.00993,44.78340,-0.0675,42.0613,45.0000,-0.00602,1533,4.36,0.000,0.00
342907,3,0.00931,45.20760,-0.0548,42.2048,45.0000,0.00558,1541,4.36,0.000,0.00
342917,3,0.00860,45.62474,-0.0244,42.0084,45.0000,-0.01455,1540,4.36,0.000,0.00
342927,3,0.00788,46.05496,0.0203,42.4139,45.0000,-0.03832,1545,4.36,0.000,0.00
342937,3,0.00724,46.48868,0.0325,42.7970,45.0000,-0.04088,1556,4.36,0.000,0.00
342947,3,0.00842,46.90930,0.0352,42.5030,45.0000,0.04973,1561,4.36,0.000,0.00
342957,3,0.00957,47.32556,-0.0069,42.1523,45.0000,0.07043,1559,4.36,0.000,0.00
342967,3,0.01007,47.75317,-0.0425,42.3956,45.0000,0.05630,1560,4.36,0.000,0.00
342977,3,0.00870,48.17807,-0.0644,42.4334,0.0000,-0.02736,1539,4.32,0.000,0.00
342987,3,0.00119,48.55506,0.0788,40.5397,0.0000,-0.41402,1544,4.32,0.000,0.00
342997,3,0.00824,48.84225,1.3117,35.8115,0.0000,-0.29480,1539,4.32,0.000,0.00
343007,3,0.02356,49.03162,1.8662,29.0617,0.0000,-0.14350,1544,4.32,0.000,0.00
343017,3,0.03728,49.15030,1.2595,22.1843,0.0000,0.09360,1547,4.32,0.000,0.00
343027,3,0.04900,49.20528,1.2995,15.5097,0.0000,-0.01505,1548,4.32,0.000,0.00
343037,3,0.06153,49.20964,1.2266,9.4804,0.0000,0.07511,1560,4.32,0.000,0.00
343047,3,0.07598,49.17386,1.2760,4.2570,0.0000,0.16041,1533,4.32,0.000,0.00
343057,3,0.08909,49.10754,1.1313,-0.0987,0.0000,0.17890,1538,4.32,0.000,0.00
343067,3,0.10146,49.00457,1.0424,-4.1782,0.0000,0.19861,1538,4.32,0.000,0.00
343077,3,0.11249,48.87280,0.9456,-7.7778,0.0000,0.19101,1541,4.10,0.000,0.00
343087,3,0.12230,48.71484,0.8307,-10.9849,0.0000,0.19767,1541,4.10,0.000,0.00
343097,3,0.13142,48.54197,0.6407,-13.5059,0.0000,0.26713,1554,4.10,0.000,0.00
343107,3,0.13824,48.35085,0.4800,-15.7480,0.0000,0.23918,1559,4.10,0.000,0.00
343117,3,0.14542,48.15014,0.3315,-17.4774,0.0000,0.33852,1571,4.10,0.000,0.00
343127,3,0.14831,47.93904,0.0639,-18.9302,0.0000,0.26092,1569,4.10,0.000,0.00
343137,3,0.15043,47.71914,-0.1064,-20.1545,0.0000,0.30988,1550,4.10,0.000,0.00
343147,3,0.15069,47.49835,-0.3857,-20.9242,0.0000,0.35637,1635,4.10,0.000,0.00
343157,3,0.14751,47.27233,-0.6401,-21.5953,0.0000,0.30849,1547,4.10,0.000,0.00
343167,3,0.14260,47.04805,-0.8934,-21.9283,0.0000,0.34385,1555,4.10,0.000,0.00
343177,3,0.13449,46.83076,-1.1946,-21.8485,0.0000,0.32602,1553,4.27,0.000,0.00
343187,3,0.12430,46.61434,-1.4723,-21.7659,0.0000,0.35121,1557,4.27,0.000,0.00
343197,3,0.11095,46.39966,-1.7703,-21.6467,0.0000,0.32835,1565,4.27,0.000,0.00
343207,3,0.09375,46.19197,-2.1460,-21.2957,0.0000,0.30692,1569,4.27,0.000,0.00
343217,3,0.07415,45.99736,-2.4658,-20.5617,0.0000,0.32711,1569,4.27,0.000,0.00
343227,3,0.05025,45.81751,-2.9399,-19.5312,0.0000,0.32496,1537,4.27,0.000,0.00
343237,3,0.01613,45.64656,-2.8180,-18.5568,0.0000,-0.28053,1558,4.27,0.000,0.00
343247,3,-0.00886,45.47900,-2.2519,-17.8362,0.0000,-0.13258,1550,4.27,0.000,0.00
343257,3,-0.03506,45.32280,-2.2428,-16.9500,0.0000,-0.22378,1577,4.27,0.000,0.00
343267,3,-0.05548,45.17182,-1.8288,-16.2090,0.0000,-0.16195,1559,4.27,0.000,0.00
343277,3,-0.07317,45.02600,-1.7011,-15.5582,0.0000,-0.10696,1544,4.36,0.000,0.00
343287,3,-0.09271,44.89956,-1.8975,-14.3928,0.0000,-0.12105,1544,4.36,0.000,0.00
343297,3,-0.11230,44.78349,-1.9395,-13.2785,0.0000,-0.12182,1547,4.36,0.000,0.00
343307,3,-0.13123,44.67432,-1.8576,-12.3337,0.0000,-0.14914,1551,4.36,0.000,0.00
343317,3,-0.15310,44.59325,-1.8799,-10.6432,0.0000,-0.30682,1551,4.36,0.000,0.00
343327,3,-0.17625,44.53827,-1.9214,-8.5848,0.0000,-0.37270,1556,4.36,0.000,0.00
343337,3,-0.19083,44.48940,-1.4713,-7.1057,0.0000,-0.18456,1563,4.36,0.000,0.00
343347,3,-0.20756,44.42657,-1.0732,-6.7769,0.0000,-0.50726,1564,4.36,0.000,0.00
343357,3,-0.20977,44.37063,0.2719,-6.3037,0.0000,-0.45605,1580,4.36,0.000,0.00
343367,3,-0.20293,44.32185,0.4465,-5.7333,0.0000,-0.08453,1533,4.36,0.000,0.00
343377,3,-0.19628,44.28520,0.5556,-4.9061,0.0000,-0.14147,1547,4.37,0.000,0.00
343387,3,-0.19675,44.26076,-0.1229,-3.9211,0.0000,-0.15851,1551,4.37,0.000,0.00
343397,3,-0.20053,44.24767,-0.3315,-2.8762,0.0000,-0.22407,1551,4.37,0.000,0.00
343407,3,-0.20536,44.23895,-0.4129,-2.0748,0.0000,-0.24023,1561,4.37,0.000,0.00
343417,3,-0.21119,44.23545,-0.3363,-1.3845,0.0000,-0.33460,1566,4.37,0.000,0.00
343427,3,-0.21491,44.23711,-0.0691,-0.7643,0.0000,-0.36628,1566,4.37,0.000,0.00
343437,3,-0.20956,44.24244,0.3049,-0.2457,0.0000,-0.09463,1571,4.37,0.000,0.00
343447,3,-0.20803,44.25291,-0.0463,0.2714,0.0000,-0.10833,1530,4.37,0.000,0.00
343457,3,-0.21004,44.26600,-0.0510,0.6865,0.0000,-0.28535,1539,4.37,0.000,0.00
343467,3,-0.21077,44.27821,0.1006,0.9005,0.0000,-0.29736,1538,4.37,0.000,0.00
343477,0,-0.20804,44.29393,0.1714,1.1688,0.0000,-0.15741,1937,4.38,0.000,0.00
343503,0,-0.20783,44.34008,-0.0138,2.5476,0.0000,-0.19014,1164,4.38,0.000,0.00
343513,0,-0.20780,44.35152,-0.0388,1.9859,0.0000,-0.18678,1120,4.38,0.000,0.00
343523,0,-0.20831,44.35675,-0.0819,1.4010,0.0000,-0.19302,1126,4.38,0.000,0.00
343533,0,-0.20890,44.35938,-0.0739,0.9454,0.0000,-0.20148,1110,4.38,0.000,0.00
343543,0,-0.21017,44.35588,-0.0457,0.4275,0.0000,-0.25076,1149,4.38,0.000,0.00
343553,0,-0.21064,44.35143,0.0085,0.0786,0.0000,-0.23838,1119,4.38,0.000,0.00
343563,0,-0.21017,44.34454,0.0437,-0.2286,0.0000,-0.20840,1132,4.38,0.000,0.00
343573,0,-0.20931,44.33930,0.0006,-0.3467,0.0000,-0.16683,1131,4.38,0.000,0.00
343583,0,-0.20910,44.33669,-0.0734,-0.3127,0.0000,-0.16181,1144,4.38,0.000,0.00
343593,0,-0.20980,44.33669,-0.1144,-0.1876,0.0000,-0.18771,1146,4.38,0.000,0.00
343603,0,-0.21104,44.33747,-0.1080,-0.0811,0.0000,-0.21921,1157,4.38,0.000,0.00
343613,0,-0.21222,44.33930,-0.0585,0.0246,0.0000,-0.24175,1131,4.38,0.000,0.00
343623,0,-0.21264,44.34105,-0.0111,0.0846,0.0000,-0.22811,1142,4.38,0.000,0.00
343633,0,-0.21244,44.34279,0.0117,0.1205,0.0000,-0.20816,1120,4.38,0.000,0.00
343643,0,-0.21200,44.34367,0.0128,0.1072,0.0000,-0.19639,1128,4.38,0.000,0.00
343653,0,-0.21188,44.34367,-0.0058,0.0643,0.0000,-0.20291,1126,4.38,0.000,0.00
343663,0,-0.21213,44.34279,0.0101,0.0037,0.0000,-0.22983,1138,4.38,0.000,0.00
343673,0,-0.21213,44.34192,0.0394,-0.0326,0.0000,-0.23214,1132,4.38,0.000,0.00
343683,0,-0.21160,44.34008,0.0783,-0.0931,0.0000,-0.22426,1148,4.38,0.000,0.00
343708,0,-0.21036,44.34105,0.0325,-0.0173,0.0000,-0.16454,1202,4.38,0.000,0.00
343718,0,-0.20965,44.34367,-0.0042,0.0943,0.0000,-0.17205,1137,4.38,0.000,0.00
343728,0,-0.20985,44.34367,-0.0457,0.0566,0.0000,-0.19676,1149,4.38,0.000,0.00
343738,0,-0.21039,44.34367,-0.0495,0.0340,0.0000,-0.21282,1120,4.38,0.000,0.00
343748,0,-0.21076,44.34279,-0.0340,-0.0146,0.0000,-0.21190,1148,4.38,0.000,0.00
343758,0,-0.21079,44.34105,-0.0202,-0.0785,0.0000,-0.20241,1127,4.38,0.000,0.00
343768,0,-0.21074,44.34105,-0.0425,-0.0471,0.0000,-0.18675,1138,4.38,0.000,0.00
343778,0,-0.21122,44.34192,-0.0628,0.0067,0.0000,-0.20387,1114,4.38,0.000,0.00
343788,0,-0.21207,44.34192,-0.0601,0.0040,0.0000,-0.22466,1145,4.38,0.000,0.00
343798,0,-0.21273,44.34192,-0.0415,0.0024,0.0000,-0.22488,1125,4.38,0.000,0.00
343808,0,-0.21296,44.34192,0.0043,0.0014,0.0000,-0.22691,1134,4.39,0.000,0.00
343818,0,-0.21267,44.34192,0.0144,0.0009,0.0000,-0.20530,1131,4.39,0.000,0.00
343828,0,-0.21216,44.34192,0.0261,0.0005,0.0000,-0.19969,1142,4.39,0.000,0.00
343838,0,-0.21192,44.34192,0.0123,0.0003,0.0000,-0.20591,1138,4.39,0.000,0.00
343848,0,-0.21162,44.34192,0.0171,0.0002,0.0000,-0.20543,1150,4.39,0.000,0.00
343858,0,-0.21127,44.34192,0.0234,0.0001,0.0000,-0.20542,1130,4.39,0.000,0.00
343868,0,-0.21087,44.34192,0.0266,0.0001,0.0000,-0.20437,1164,4.39,0.000,0.00
343878,0,-0.21038,44.34192,0.0149,0.0000,0.0000,-0.19318,1115,4.39,0.000,0.00
343888,0,-0.20987,44.34192,0.0155,0.0000,0.0000,-0.19184,1132,4.39,0.000,0.00
343913,0,-0.21007,44.34192,-0.0367,0.0000,0.0000,-0.20183,1169,4.39,0.000,0.00
343923,0,-0.21023,44.34192,-0.0457,0.0000,0.0000,-0.19537,1146,4.39,0.000,0.00
343933,0,-0.21055,44.34192,-0.0367,0.0000,0.0000,-0.20814,1158,4.39,0.000,0.00
343943,0,-0.21095,44.34192,-0.0340,0.0000,0.0000,-0.21416,1130,4.39,0.000,0.00
343953,0,-0.21093,44.34192,-0.0287,0.0000,0.0000,-0.19538,1173,4.39,0.000,0.00
343963,0,-0.21100,44.34192,-0.0159,0.0000,0.0000,-0.20643,1138,4.39,0.000,0.00
343973,0,-0.21120,44.34192,-0.0228,0.0000,0.0000,-0.21004,1156,4.39,0.000,0.00
343983,0,-0.21146,44.34192,-0.0048,0.0000,0.0000,-0.22213,1129,4.39,0.000,0.00
343993,0,-0.21132,44.34192,0.0133,0.0000,0.0000,-0.21109,1154,4.39,0.000,0.00
344003,0,-0.21109,44.34192,0.0208,0.0000,0.0000,-0.20999,1147,4.39,0.000,0.00
344013,0,-0.21078,44.34192,0.0155,0.0000,0.0000,-0.20276,1135,4.39,0.000,0.00
344023,0,-0.21050,44.34192,-0.0223,0.0000,0.0000,-0.18566,1132,4.39,0.000,0.00
344033,0,-0.21077,44.34279,-0.0883,0.0348,0.0000,-0.17964,1133,4.39,0.000,0.00
344043,0,-0.21111,44.34279,-0.1037,0.0209,0.0000,-0.17632,1123,4.39,0.000,0.00
344053,0,-0.21248,44.34279,-0.0697,0.0125,0.0000,-0.24605,1151,4.39,0.000,0.00
344063,0,-0.21307,44.34279,-0.0069,0.0075,0.0000,-0.23953,1114,4.39,0.000,0.00
344073,0,-0.21281,44.34105,0.0266,-0.0652,0.0000,-0.21288,1122,4.39,0.000,0.00
344083,0,-0.21213,44.34192,-0.0133,-0.0042,0.0000,-0.17162,1114,4.39,0.000,0.00
344093,0,-0.21185,44.34192,-0.0612,-0.0025,0.0000,-0.16739,1122,4.39,0.000,0.00
344117,0,-0.21256,44.34279,-0.0159,0.0333,0.0000,-0.23973,1172,4.39,0.000,0.00
344127,0,-0.21257,44.34105,0.0181,-0.0498,0.0000,-0.22216,1162,4.39,0.000,0.00
344137,0,-0.21219,44.34105,0.0511,-0.0299,0.0000,-0.21882,1161,4.39,0.000,0.00
344147,0,-0.21159,44.34192,0.0740,0.0170,0.0000,-0.21877,1117,4.39,0.000,0.00
344157,0,-0.21113,44.34105,0.0969,-0.0247,0.0000,-0.23642,1149,4.39,0.000,0.00
344167,0,-0.21027,44.34105,0.1517,-0.0148,0.0000,-0.24330,1125,4.39,0.000,0.00
344177,0,-0.20741,44.34192,0.1554,0.0260,0.0000,-0.14197,1138,4.39,0.000,0.00
344187,0,-0.20560,44.34192,0.0394,0.0156,0.0000,-0.13466,1133,4.39,0.000,0.00
344197,0,-0.20448,44.34367,0.0027,0.0791,0.0000,-0.14984,1148,4.39,0.000,0.00
344207,0,-0.20470,44.34279,-0.0548,0.0125,0.0000,-0.18844,1117,4.39,0.000,0.00
344217,0,-0.20513,44.34279,-0.0606,0.0075,0.0000,-0.19613,1133,4.39,0.000,0.00
344227,0,-0.20624,44.34279,-0.0441,0.0045,0.0000,-0.23986,1120,4.39,0.000,0.00
344237,0,-0.20687,44.34018,0.0532,-0.1020,0.0000,-0.26521,1133,4.38,0.000,0.00
344247,0,-0.20636,44.33930,0.1575,-0.0961,0.0000,-0.25961,1131,4.38,0.000,0.00
344257,0,-0.20465,44.33756,0.2219,-0.1274,0.0000,-0.23011,1143,4.38,0.000,0.00
344267,0,-0.20218,44.33756,0.2384,-0.0764,0.0000,-0.19791,1137,4.38,0.000,0.00
344277,0,-0.19910,44.33756,0.2421,-0.0459,0.0000,-0.16609,1147,4.38,0.000,0.00
344287,0,-0.19648,44.33669,0.1618,-0.0625,0.0000,-0.14649,1117,4.38,0.000,0.00
344297,0,-0.19494,44.33843,0.0634,0.0323,0.0000,-0.14937,1165,4.38,0.000,0.00
344322,0,-0.19499,44.33756,-0.0138,-0.0154,0.0000,-0.19052,1160,4.38,0.000,0.00
344332,0,-0.19473,44.33669,0.0256,-0.0442,0.0000,-0.19444,1122,4.38,0.000,0.00
344342,0,-0.19436,44.33581,0.0719,-0.0615,0.0000,-0.21190,1126,4.38,0.000,0.00
344352,0,-0.19373,44.33494,0.1464,-0.0718,0.0000,-0.23537,1105,4.38,0.000,0.00
344362,0,-0.19236,44.33319,0.2523,-0.1128,0.0000,-0.24991,1132,4.38,0.000,0.00
344372,0,-0.19007,44.33145,0.3278,-0.1376,0.0000,-0.23953,1118,4.38,0.000,0.00
344382,0,-0.18708,44.32970,0.4135,-0.1524,0.0000,-0.24472,1129,4.38,0.000,0.00
344392,0,-0.18312,44.32796,0.4944,-0.1612,0.0000,-0.23205,1124,4.38,0.000,0.00
344402,0,-0.17830,44.32534,0.5524,-0.2015,0.0000,-0.21327,1135,4.38,0.000,0.00
344412,0,-0.17291,44.32360,0.5705,-0.1905,0.0000,-0.18870,1131,4.38,0.000,0.00
344422,0,-0.16695,44.32360,0.5609,-0.1143,0.0000,-0.14962,1141,4.38,0.000,0.00
344432,0,-0.16115,44.32447,0.5061,-0.0336,0.0000,-0.12405,1136,4.38,0.000,0.00
344442,0,-0.15573,44.32621,0.4678,0.0494,0.0000,-0.11888,1150,4.38,0.000,0.00
344452,0,-0.15113,44.32708,0.4204,0.0646,0.0000,-0.13098,1105,4.38,0.000,0.00
344462,0,-0.14690,44.32708,0.4247,0.0387,0.0000,-0.14786,1156,4.38,0.000,0.00
344472,0,-0.14297,44.32621,0.4688,-0.0117,0.0000,-0.18103,1105,4.38,0.000,0.00
344482,0,-0.13897,44.32447,0.5252,-0.0766,0.0000,-0.20151,1128,4.38,0.000,0.00
344492,0,-0.13391,44.32263,0.6162,-0.1195,0.0000,-0.18906,1114,4.38,0.000,0.00
344502,0,-0.12792,44.32089,0.7067,-0.1414,0.0000,-0.18154,1129,4.38,0.000,0.00
344527,0,-0.11993,44.32272,0.7908,-0.0115,0.0000,-0.11587,1178,4.38,0.000,0.00
344537,0,-0.11200,44.32447,0.7929,0.0630,0.0000,-0.11210,1125,4.38,0.000,0.00
344547,0,-0.10399,44.32534,0.7897,0.0724,0.0000,-0.09802,1133,4.38,0.000,0.00
344557,0,-0.09605,44.32534,0.8360,0.0435,0.0000,-0.11743,1121,4.38,0.000,0.00
344567,0,-0.08778,44.32447,0.8716,-0.0086,0.0000,-0.10971,1133,4.38,0.000,0.00
344577,0,-0.07862,44.32360,0.9057,-0.0401,0.0000,-0.07345,1131,4.38,0.000,0.00
344587,0,-0.06879,44.32272,0.9291,-0.0590,0.0000,-0.04215,1145,4.38,0.000,0.00
344597,0,-0.05919,44.32360,0.8844,-0.0005,0.0000,-0.02124,1143,4.38,0.000,0.00
344607,0,-0.05047,44.32447,0.8131,0.0347,0.0000,-0.02130,1154,4.38,0.000,0.00
344617,0,-0.04235,44.32534,0.7902,0.0554,0.0000,-0.03103,1117,4.38,0.000,0.00
344627,0,-0.03387,44.32534,0.8120,0.0333,0.0000,-0.01632,1163,4.38,0.000,0.00
344637,0,-0.02525,44.32534,0.7993,0.0200,0.0000,0.00644,1117,4.38,0.000,0.00
344647,0,-0.01520,44.32621,0.7280,0.0469,0.0000,0.12322,1133,4.38,0.000,0.00
344657,0,-0.00601,44.32796,0.5960,0.0980,0.0000,0.15560,1124,4.38,0.000,0.00
344667,0,0.00140,44.32970,0.3166,0.1286,0.0000,0.21353,1140,4.38,0.000,0.00
344677,0,0.00464,44.33057,0.0554,0.1121,0.0000,0.13861,1136,4.38,0.000,0.00
344687,0,0.00450,44.32970,-0.1383,0.0323,0.0000,0.06679,1149,4.38,0.000,0.00
344697,0,0.00279,44.32796,-0.1713,-0.0504,0.0000,0.00324,1121,4.38,0.000,0.00
344707,0,0.00083,44.32438,-0.1729,-0.1733,0.0000,-0.01073,1154,4.38,0.000,0.00
344731,0,-0.00040,44.32089,0.0219,-0.2436,0.0000,-0.07283,1164,4.38,0.000,0.00
344741,0,0.00027,44.32098,0.1065,-0.1427,0.0000,-0.01950,1143,4.38,0.000,0.00
344751,0,0.00179,44.32185,0.1065,-0.0507,0.0000,0.02467,1142,4.38,0.000,0.00
344761,0,0.00322,44.32447,0.0383,0.0744,0.0000,0.05516,1140,4.38,0.000,0.00
344771,0,0.00375,44.32621,-0.0197,0.1142,0.0000,0.04045,1124,4.38,0.000,0.00
344781,0,0.00320,44.32708,-0.0500,0.1035,0.0000,0.00041,1120,4.38,0.000,0.00
344791,0,0.00253,44.32534,-0.0255,-0.0078,0.0000,-0.01827,1159,4.38,0.000,0.00
344801,0,0.00220,44.32447,-0.0218,-0.0393,0.0000,-0.00353,1118,4.38,0.000,0.00
344811,0,0.00168,44.32360,-0.0016,-0.0585,0.0000,-0.02335,1123,4.38,0.000,0.00
344821,0,0.00128,44.32272,0.0463,-0.0701,0.0000,-0.04184,1121,4.38,0.000,0.00
344831,0,0.00172,44.32272,0.0990,-0.0420,0.0000,-0.02568,1131,4.38,0.000,0.00
344841,0,0.00306,44.32272,0.1176,-0.0252,0.0000,0.01135,1136,4.38,0.000,0.00
344851,0,0.00459,44.32360,0.1097,0.0198,0.0000,0.02618,1145,4.38,0.000,0.00
344861,0,0.00592,44.32447,0.0591,0.0468,0.0000,0.04274,1121,4.38,0.000,0.00
344871,0,0.00627,44.32621,-0.0026,0.0977,0.0000,0.02492,1160,4.38,0.000,0.00
344881,0,0.00604,44.32447,-0.0303,-0.0110,0.0000,0.01005,1123,4.39,0.000,0.00
344891,0,0.00534,44.32447,-0.0393,-0.0066,0.0000,-0.01024,1145,4.39,0.000,0.00
344901,0,0.00453,44.32360,-0.0271,-0.0389,0.0000,-0.02236,1120,4.39,0.000,0.00
344911,0,0.00413,44.32360,0.0048,-0.0233,0.0000,-0.01820,1122,4.39,0.000,0.00
344936,0,0.00466,44.32360,0.0181,-0.0140,0.0000,0.02202,1173,4.39,0.000,0.00
344946,0,0.00491,44.32447,0.0064,0.0265,0.0000,0.01441,1167,4.39,0.000,0.00
344956,0,0.00482,44.32447,-0.0074,0.0159,0.0000,0.00390,1174,4.39,0.000,0.00
344966,0,0.00472,44.32360,-0.0340,-0.0254,0.0000,0.01668,1129,4.39,0.000,0.00
344976,0,0.00463,44.32360,-0.0287,-0.0152,0.0000,0.01452,1141,4.39,0.000,0.00
